-- phpMyAdmin SQL Dump
-- version 3.4.5
-- http://www.phpmyadmin.net
--
-- Host: localhost
-- Generation Time: Jul 16, 2012 at 08:53 PM
-- Server version: 5.5.16
-- PHP Version: 5.3.8

SET SQL_MODE="NO_AUTO_VALUE_ON_ZERO";
SET time_zone = "+00:00";


/*!40101 SET @OLD_CHARACTER_SET_CLIENT=@@CHARACTER_SET_CLIENT */;
/*!40101 SET @OLD_CHARACTER_SET_RESULTS=@@CHARACTER_SET_RESULTS */;
/*!40101 SET @OLD_COLLATION_CONNECTION=@@COLLATION_CONNECTION */;
/*!40101 SET NAMES utf8 */;

--
-- Database: `mummy_software`
--

-- --------------------------------------------------------

--
-- Table structure for table `doctors`
--

CREATE TABLE IF NOT EXISTS `doctors` (
  `username` varchar(255) NOT NULL,
  `name` varchar(25) NOT NULL,
  `password` varchar(255) NOT NULL,
  PRIMARY KEY (`username`)
) ENGINE=InnoDB DEFAULT CHARSET=latin1;

--
-- Dumping data for table `doctors`
--

INSERT INTO `doctors` (`username`, `name`, `password`) VALUES
('mahima', 'Mahima Anurag', '227dd828170f456f4fb2ac146846470b');

-- --------------------------------------------------------

--
-- Table structure for table `patients`
--

CREATE TABLE IF NOT EXISTS `patients` (
  `id` int(11) NOT NULL AUTO_INCREMENT,
  `id_dob` varchar(6) NOT NULL,
  `name` varchar(25) NOT NULL,
  `first_name` varchar(25) NOT NULL,
  `middle_name` varchar(25) DEFAULT NULL,
  `last_name` varchar(25) NOT NULL,
  `father_name` varchar(25) DEFAULT NULL,
  `father_occ` varchar(25) DEFAULT NULL,
  `mother_name` varchar(25) DEFAULT NULL,
  `mother_occ` varchar(25) DEFAULT NULL,
  `address` varchar(100) DEFAULT NULL,
  `sibling` varchar(20) NOT NULL DEFAULT '0',
  `pin` varchar(6) DEFAULT NULL,
  `res_phone` varchar(10) DEFAULT NULL,
  `office_phone` varchar(10) DEFAULT NULL,
  `dob` date NOT NULL,
  `email` varchar(100) DEFAULT NULL,
  `phone` varchar(15) DEFAULT NULL,
  `sex` enum('M','F') NOT NULL DEFAULT 'M',
  `born_at` varchar(25) DEFAULT NULL,
  `mode_of_delivery` enum('Normal','Caesarean','Forceps','Vacuum') DEFAULT 'Normal',
  `birth_weight` varchar(10) DEFAULT NULL,
  `comp_preg` varchar(25) DEFAULT 'No',
  `comp_deli` varchar(25) DEFAULT 'No',
  `cry_birth` varchar(25) DEFAULT 'Yes',
  `admit_hospital` varchar(25) DEFAULT 'No',
  `injury_child` varchar(25) DEFAULT 'No',
  `prev_surgery` varchar(25) DEFAULT 'No',
  `allergy_child` varchar(25) DEFAULT 'No',
  `other_info` varchar(25) DEFAULT 'No',
  `diabetes` varchar(25) DEFAULT 'No',
  `asthma` varchar(25) DEFAULT 'No',
  `cardiac` varchar(25) DEFAULT 'No',
  `hypertension` varchar(25) DEFAULT 'No',
  `tuberculosis` varchar(25) DEFAULT 'No',
  `other_fam_history` varchar(25) DEFAULT 'No',
  `breast_feed_month` varchar(10) DEFAULT NULL,
  `solid_month` varchar(10) DEFAULT NULL,
  PRIMARY KEY (`id`)
) ENGINE=InnoDB  DEFAULT CHARSET=latin1 AUTO_INCREMENT=47 ;

--
-- Dumping data for table `patients`
--

INSERT INTO `patients` (`id`, `id_dob`, `name`, `first_name`, `middle_name`, `last_name`, `father_name`, `father_occ`, `mother_name`, `mother_occ`, `address`, `sibling`, `pin`, `res_phone`, `office_phone`, `dob`, `email`, `phone`, `sex`, `born_at`, `mode_of_delivery`, `birth_weight`, `comp_preg`, `comp_deli`, `cry_birth`, `admit_hospital`, `injury_child`, `prev_surgery`, `allergy_child`, `other_info`, `diabetes`, `asthma`, `cardiac`, `hypertension`, `tuberculosis`, `other_fam_history`, `breast_feed_month`, `solid_month`) VALUES
(19, '', 'Richa Vats', 'Richa', NULL, 'Vats', 'Rakesh Vats', '', '', '', 'WZ-28, Naraina Village,New Delhi', '20', NULL, NULL, NULL, '1989-03-26', '', '9968262526', 'F', NULL, 'Normal', NULL, 'No', 'No', 'Yes', 'No', 'No', 'No', 'No', 'No', 'No', 'No', 'No', 'No', 'No', 'No', NULL, NULL),
(20, '', 'Gaurav Vats', 'Gaurav', NULL, 'Vats', 'Rakesh Vats', '', '', '', 'WZ-28, Naraina Village,New Delhi', '19', NULL, NULL, NULL, '1991-04-10', '', '9968262526', 'M', NULL, 'Normal', NULL, 'No', 'No', 'Yes', 'No', 'No', 'No', 'No', 'No', 'No', 'No', 'No', 'No', 'No', 'No', NULL, NULL),
(21, '', 'Mohit Bansal', 'Mohit', NULL, 'Bansal', 'Darshan Bansal', '', '', '', 'T-4/6, URI Enclave,Delhi Cantonment, New Delhi,', '22', NULL, NULL, NULL, '1990-06-27', '', '', 'M', NULL, 'Normal', NULL, 'No', 'No', 'Yes', 'No', 'No', 'No', 'No', 'No', 'No', 'No', 'No', 'No', 'No', 'No', NULL, NULL),
(22, '', 'Sonam Bansal', 'Sonam', NULL, 'Bansal', 'Darshan Bansal', '', '', '', 'T- 4/6, URI Enclave, Delhi Cantonment, New Delhi', '21', NULL, NULL, NULL, '1985-05-20', '', '0113299546', 'F', NULL, 'Normal', NULL, 'No', 'No', 'Yes', 'No', 'No', 'No', 'No', 'No', 'No', 'No', 'No', 'No', 'No', 'No', NULL, NULL),
(23, '', 'UPENDER (GAURAV) SINGH', 'UPENDER (GAURAV)', NULL, 'SINGH', 'INDERJEET SINGH', '', 'PAMMI', '', 'B-41, GROUND FLOOR, NARAINA VIHAR, NEW DELHI, 110028', '0', NULL, NULL, NULL, '1992-06-20', '', '', 'M', NULL, 'Normal', NULL, 'No', 'No', 'Yes', 'No', 'No', 'No', 'No', 'No', 'No', 'No', 'No', 'No', 'No', 'No', NULL, NULL),
(24, '', 'Riddhi Jain', 'Riddhi', NULL, 'Jain', 'Narendra Jain', 'Business', 'Madhu Jain', 'Business', 'E- 238, Naraina Vihar, New Delhi. 110028', '25', NULL, NULL, NULL, '1988-11-26', '', '9873993922', 'F', NULL, 'Normal', NULL, 'No', 'No', 'Yes', 'No', 'No', 'No', 'No', 'No', 'No', 'No', 'No', 'No', 'No', 'No', NULL, NULL),
(25, '', 'Siddhi jain', 'Siddhi', NULL, 'jain', 'Narendra Jain', 'Business', 'Madhu Jain', 'Business', 'E-238, Naraina Vihar, New Delhi, 110028', '24', NULL, NULL, NULL, '1988-11-26', '', '9873993922', 'F', NULL, 'Normal', NULL, 'No', 'No', 'Yes', 'No', 'No', 'No', 'No', 'No', 'No', 'No', 'No', 'No', 'No', 'No', NULL, NULL),
(26, '', 'Shukla bhattacharya', 'Shukla', NULL, 'bhattacharya', 'Soumendo Bhattacharya', 'Service', 'Sujata Bhattacharya', 'Teacher', 'D-268, Gali no. 54, Mahavir Nagar Part -3, new Delhi', '0', NULL, NULL, NULL, '1991-12-20', '', '9868420573', 'F', NULL, 'Normal', NULL, 'No', 'No', 'Yes', 'No', 'No', 'No', 'No', 'No', 'No', 'No', 'No', 'No', 'No', 'No', NULL, NULL),
(27, '', 'Pradeep  singh', 'Pradeep ', NULL, 'singh', 'Dharam Pal Singh', '', 'parmeshwari', '', 'WZ- 95, Todapur, New Delhi , 110012', '0', NULL, NULL, NULL, '1989-05-15', '', '', 'M', NULL, 'Normal', NULL, 'No', 'No', 'Yes', 'No', 'No', 'No', 'No', 'No', 'No', 'No', 'No', 'No', 'No', 'No', NULL, NULL),
(28, '', 'Pradeep  singh', 'Pradeep ', NULL, 'singh', 'Dharam Pal Singh', '', 'parmeshwari', '', 'WZ- 95, Todapur, New Delhi , 110012', '0', NULL, NULL, NULL, '1989-05-15', '', '', 'M', NULL, 'Normal', NULL, 'No', 'No', 'Yes', 'No', 'No', 'No', 'No', 'No', 'No', 'No', 'No', 'No', 'No', 'No', NULL, NULL),
(29, '', 'Akshat Gupta', 'Akshat', NULL, 'Gupta', 'Anil Gupta', '', 'Anshu Gupta', '', 'H- 339, naraina Vihar, New Delhi, 110028', '0', NULL, NULL, NULL, '1987-12-02', '', '9818155422', 'M', NULL, 'Normal', NULL, 'No', 'No', 'Yes', 'No', 'No', 'No', 'No', 'No', 'No', 'No', 'No', 'No', 'No', 'No', NULL, NULL),
(30, '', 'Sakshi Agarwal', 'Sakshi', NULL, 'Agarwal', '', '', '', '', '', '31', NULL, NULL, NULL, '1987-04-01', '', '', 'F', NULL, 'Normal', NULL, 'No', 'No', 'Yes', 'No', 'No', 'No', 'No', 'No', 'No', 'No', 'No', 'No', 'No', 'No', NULL, NULL),
(31, '', 'Sohail agarwal', 'Sohail', NULL, 'agarwal', '', '', '', '', '', '30', NULL, NULL, NULL, '1990-06-09', '', '', 'M', NULL, 'Normal', NULL, 'No', 'No', 'Yes', 'No', 'No', 'No', 'No', 'No', 'No', 'No', 'No', 'No', 'No', 'No', NULL, NULL),
(32, '', 'Manik Tanwar', 'Manik', NULL, 'Tanwar', 'Vinod K Tanwar', '', 'Savita Tanwar', '', 'WZ-343, Naraina village, New delhi, 110028', '33', NULL, NULL, NULL, '1992-03-26', '', '', 'M', NULL, 'Normal', NULL, 'No', 'No', 'Yes', 'No', 'No', 'No', 'No', 'No', 'No', 'No', 'No', 'No', 'No', 'No', NULL, NULL),
(33, '', 'Chetan Tanwar', 'Chetan', NULL, 'Tanwar', 'Vinod K Tanwar', '', 'Savita Tanwar', '', 'WZ- 343, Naraina Village, New Delhi, 110028', '32', NULL, NULL, NULL, '1988-04-16', '', '', 'M', NULL, 'Normal', NULL, 'No', 'No', 'Yes', 'No', 'No', 'No', 'No', 'No', 'No', 'No', 'No', 'No', 'No', 'No', NULL, NULL),
(34, '', 'Ankit Verma', 'Ankit', NULL, 'Verma', 'R. K. Verma', '', 'Sarita Verma', '', 'B-175, Naraina Vihar, new Delhi, 110028', '35', NULL, NULL, NULL, '1989-02-16', '', '', 'M', NULL, 'Normal', NULL, 'No', 'No', 'Yes', 'No', 'No', 'No', 'No', 'No', 'No', 'No', 'No', 'No', 'No', 'No', NULL, NULL),
(35, '', 'Anushka Verma', 'Anushka', NULL, 'Verma', 'R. K. Verma', '', 'Sarita Verma', '', 'B- 175, naraina Vihar, New Delhi, 110028', '34', NULL, NULL, NULL, '1992-11-18', '', '', 'F', NULL, 'Normal', NULL, 'No', 'No', 'Yes', 'No', 'No', 'No', 'No', 'No', 'No', 'No', 'No', 'No', 'No', 'No', NULL, NULL),
(36, '', 'Karan Chaddha', 'Karan', NULL, 'Chaddha', 'Anup Chaddha', '', 'Neena Chaddha', '', 'G-19, Pocket- 2,Naraina Vihar,New Delhi,110028', '0', NULL, NULL, NULL, '1990-07-20', '', '', '', NULL, 'Normal', NULL, 'No', 'No', 'Yes', 'No', 'No', 'No', 'No', 'No', 'No', 'No', 'No', 'No', 'No', 'No', NULL, NULL),
(37, '', 'Shikhar Dhall', 'Shikhar', NULL, 'Dhall', 'Hemant Dhall', 'Business', 'Shalu Dhall', '', '', '38', NULL, NULL, NULL, '1991-12-02', '', '9818255550', 'M', NULL, 'Normal', NULL, 'No', 'No', 'Yes', 'No', 'No', 'No', 'No', 'No', 'No', 'No', 'No', 'No', 'No', 'No', NULL, NULL),
(38, '', 'Shreya Dhall', 'Shreya', NULL, 'Dhall', 'Hemant Dhall', '', 'Shalu Dhall', '', '', '37', NULL, NULL, NULL, '1988-03-05', '', '9818255550', 'F', NULL, 'Normal', NULL, 'No', 'No', 'Yes', 'No', 'No', 'No', 'No', 'No', 'No', 'No', 'No', 'No', 'No', 'No', NULL, NULL),
(39, '', 'Deepti Garg', 'Deepti', NULL, 'Garg', 'S R Garg', '', 'Saloni Garg', '', '', '40', NULL, NULL, NULL, '1990-08-10', '', '', 'F', NULL, 'Normal', NULL, 'No', 'No', 'Yes', 'No', 'No', 'No', 'No', 'No', 'No', 'No', 'No', 'No', 'No', 'No', NULL, NULL),
(40, '', 'Rajan Garg', 'Rajan', NULL, 'Garg', 'S R Garg', '', 'Saloni Garg', '', 'E-49, 1st floor, Naraina Vihar, New Delhi,110028 ', '39', NULL, NULL, NULL, '1988-11-08', '', '', '', NULL, 'Normal', NULL, 'No', 'No', 'Yes', 'No', 'No', 'No', 'No', 'No', 'No', 'No', 'No', 'No', 'No', 'No', NULL, NULL),
(41, '', 'Sahil Gyanchandani', 'Sahil', NULL, 'Gyanchandani', 'Moti Gyanchandani', '', '', '', '47/ 9, old Rajinder Nagar, New Delhi', '0', NULL, NULL, NULL, '1989-05-01', '', '9810127939', 'M', NULL, 'Normal', NULL, 'No', 'No', 'Yes', 'No', 'No', 'No', 'No', 'No', 'No', 'No', 'No', 'No', 'No', 'No', NULL, NULL),
(42, '', 'Devarsh Bhanoo', 'Devarsh', NULL, 'Bhanoo', 'V S Bhanoo', 'Scientist', '', '', 'H-116, Naraina Vihar, New Delhi', '43', NULL, NULL, NULL, '1988-11-20', '', '', 'M', NULL, 'Normal', NULL, 'No', 'No', 'Yes', 'No', 'No', 'No', 'No', 'No', 'No', 'No', 'No', 'No', 'No', 'No', NULL, NULL),
(43, '', 'Harshal Bhanoo', 'Harshal', NULL, 'Bhanoo', 'V S Bhanoo', 'Scientist', '', '', 'H- 116, Naraina Vihar, New Delhi', '42', NULL, NULL, NULL, '1991-05-01', '', '', 'M', NULL, 'Normal', NULL, 'No', 'No', 'Yes', 'No', 'No', 'No', 'No', 'No', 'No', 'No', 'No', 'No', 'No', 'No', NULL, NULL),
(44, '', 'Pooja Shatdal', 'Pooja', NULL, 'Shatdal', 'Rajeev Shatdal', '', 'Minakshi Shatdal', '', '', '0', NULL, NULL, NULL, '1990-02-17', '', '9868821990', 'F', NULL, 'Normal', NULL, 'No', 'No', 'Yes', 'No', 'No', 'No', 'No', 'No', 'No', 'No', 'No', 'No', 'No', 'No', NULL, NULL),
(45, '', 'Rahul Gupta', 'Rahul', NULL, 'Gupta', 'Sanjay Gupta', '', 'Rashmi Gupta', '', 'C- 68, Naraina Vihar, New Delhi,110028', '0', NULL, NULL, NULL, '1991-11-06', '', '9810172009', 'M', NULL, 'Normal', NULL, 'No', 'No', 'Yes', 'No', 'No', 'No', 'No', 'No', 'No', 'No', 'No', 'No', 'No', 'No', NULL, NULL),
(46, '', 'Rajarshi Sikdar', 'Rajarshi', NULL, 'Sikdar', 'P Sikdar', '', 'Tapti Sikdar', '', 'WZ-8/11,Room no. 15, Bhagwati Aptts., Naraina Village, New Delhi', '0', NULL, NULL, NULL, '1992-02-17', '', '9953015286', 'M', NULL, 'Normal', NULL, 'No', 'No', 'Yes', 'No', 'No', 'No', 'No', 'No', 'No', 'No', 'No', 'No', 'No', 'No', NULL, NULL);

-- --------------------------------------------------------

--
-- Table structure for table `vaccines`
--

CREATE TABLE IF NOT EXISTS `vaccines` (
  `id` int(11) NOT NULL AUTO_INCREMENT,
  `name` varchar(35) NOT NULL,
  `no_of_days` int(11) NOT NULL,
  `dependent` int(11) NOT NULL,
  `sex` enum('B','F','M') NOT NULL DEFAULT 'B',
  `lower_limit` int(11) NOT NULL DEFAULT '0',
  `upper_limit` int(11) NOT NULL DEFAULT '999999',
  PRIMARY KEY (`id`)
) ENGINE=InnoDB  DEFAULT CHARSET=latin1 AUTO_INCREMENT=53 ;

--
-- Dumping data for table `vaccines`
--

INSERT INTO `vaccines` (`id`, `name`, `no_of_days`, `dependent`, `sex`, `lower_limit`, `upper_limit`) VALUES
(1, 'BCG', 30, 0, 'B', 0, 365),
(3, 'CERVARIX 1 (FEMALES ONLY)', 3285, 0, 'F', 3285, 99999),
(4, 'CERVARIX 2 (FEMALES ONLY)', 30, 3, 'F', 3315, 99999),
(5, 'CERVARIX 3 (FEMALES ONLY)', 150, 4, 'F', 3435, 999999),
(6, 'CHICKEN-POX 1', 455, 0, 'B', 455, 99999),
(7, 'CHICKENPOX BOOSTER', 1460, 0, 'B', 1460, 99999),
(8, 'DTwP/ DTaP & Oral Polio- 1', 60, 0, 'B', 45, 2555),
(9, 'DTwP/ DTaP & Oral Polio- 2', 30, 8, 'B', 75, 2555),
(10, 'DTwP/ DTaP & Oral Polio - 3', 30, 9, 'B', 98, 2555),
(11, 'DTwP/ DTaP & Oral Polio (BOOSTER 1)', 365, 10, 'B', 456, 547),
(12, 'DTwP/ DTaP & Oral Polio (BOOSTER 2)', 1080, 11, 'B', 1460, 2190),
(13, 'HEPATITIS-A 1', 372, 0, 'B', 365, 99999),
(14, 'HEPATITIS-A 2', 220, 13, 'B', 180, 99999),
(15, 'HEPATITIS-B - 1', 0, 0, 'B', 0, 99999),
(16, 'HEPATITIS-B - 2', 30, 15, 'B', 30, 999999),
(17, 'HEPATITIS-B - 3', 150, 16, 'B', 180, 99999),
(18, 'HIB BOOSTER', 365, 21, 'B', 456, 1825),
(19, 'HIB I', 60, 0, 'B', 45, 1825),
(20, 'HIB II', 30, 19, 'B', 75, 1825),
(21, 'HIB III', 30, 20, 'B', 98, 1825),
(22, 'INFLUENZA I DOSE', 220, 0, 'B', 180, 99999),
(23, 'INFLUENZA II DOSE', 30, 22, 'B', 240, 2920),
(24, 'INFLUENZA BOOSTER 1', 365, 23, 'B', 547, 99999),
(25, 'INFLUENZA BOOSTER 2	', 365, 24, 'B', 365, 99999),
(26, 'INFLUENZA BOOSTER 3', 365, 25, 'B', 365, 99999),
(27, 'INFLUENZA BOOSTER 4', 365, 26, 'B', 240, 99999),
(28, 'IPV-1', 60, 0, 'B', 45, 1825),
(29, 'IPV-2', 30, 28, 'B', 75, 1825),
(30, 'IPV-3', 30, 29, 'B', 98, 1825),
(31, 'IPV BOOSTER 1', 365, 30, 'B', 547, 1825),
(32, 'IPV BOOSTER 2', 912, 31, 'B', 45, 1825),
(33, 'MEASLES', 250, 0, 'B', 240, 365),
(34, 'MENIINGOCO MENINGITIS I', 730, 0, 'B', 730, 99999),
(35, 'MENINGOCO MENINGITIS II', 1095, 34, 'B', 730, 99999),
(36, 'MENINGOCO MENINGITIS III', 1095, 35, 'B', 730, 99999),
(37, 'MMR', 405, 0, 'B', 365, 99999),
(38, 'MMR BOOSTER', 1662, 0, 'B', 395, 99999),
(39, 'PNEUMOCOCCAL 1', 60, 0, 'B', 45, 1825),
(40, 'PNEUMOCOCCAL 2', 30, 39, 'B', 75, 1825),
(41, 'PNEUMOCOCCAL 3', 30, 40, 'B', 105, 1825),
(42, 'PNEUMOCOCCAL BOOSTER', 365, 41, 'B', 456, 1825),
(43, 'ROTARIX 1 DOSE', 60, 0, 'B', 42, 112),
(44, 'ROTARIX 2 DOSE', 30, 43, 'B', 72, 240),
(45, 'Tdap/ Td /TT', 3680, 0, 'B', 3650, 99999),
(46, 'TYPHOID', 737, 0, 'B', 730, 99999),
(47, 'TYPHOID BOOSTER 1', 1095, 46, 'B', 730, 99999),
(48, 'TYPHOID BOOSTER 2', 1095, 47, 'B', 730, 99999),
(49, 'TYPHOID BOOSTER 3', 1095, 48, 'B', 730, 99999),
(50, 'TYPHOID BOOSTER 4', 1095, 49, 'B', 730, 99999),
(51, 'TYPHOID BOOSTER 5', 1095, 50, 'B', 730, 99999),
(52, 'Td BOOSTER/ Tdap', 3650, 45, 'B', 3650, 99999);

-- --------------------------------------------------------

--
-- Table structure for table `vac_make`
--

CREATE TABLE IF NOT EXISTS `vac_make` (
  `id` int(11) NOT NULL AUTO_INCREMENT,
  `name` varchar(35) NOT NULL,
  PRIMARY KEY (`id`)
) ENGINE=InnoDB  DEFAULT CHARSET=latin1 AUTO_INCREMENT=52 ;

--
-- Dumping data for table `vac_make`
--

INSERT INTO `vac_make` (`id`, `name`) VALUES
(5, 'BCG'),
(6, 'INFANRIX'),
(7, 'TRIPACEL'),
(8, 'DTwP'),
(9, 'HIBERIX'),
(10, 'HIBPRO'),
(11, 'ACT HIB'),
(12, 'IMOVAX'),
(13, 'POLPRO'),
(14, 'ROTARIX'),
(15, 'ROTATEQ'),
(16, 'EASY-4'),
(17, 'QUADRIVAX'),
(18, 'Q-VAC'),
(19, 'COMBIVAC'),
(20, 'PENTAVAC'),
(21, 'PREVENAR-13'),
(22, 'SYNFLORIX'),
(23, 'M-VAC'),
(24, 'TRESIVAC'),
(25, 'PRIORIX'),
(26, 'ENGERIX-P'),
(27, 'ENGERIX-Adult'),
(28, 'SHANVAC-B Ped'),
(29, 'SHANVAC -B Adult'),
(30, 'Td'),
(31, 'BOOSTRIX'),
(32, 'ADACEL'),
(33, 'TYPHIM Vi'),
(34, 'TYPBAR'),
(35, 'HAVRIX-720'),
(36, 'HAVRIX-1440'),
(37, 'AXAXIM-80'),
(38, 'OKAVAX'),
(39, 'VARILRIX'),
(40, 'VARIVAX'),
(41, 'VAXIGRIP Ped'),
(42, 'VAXIGRIP Adult'),
(43, 'FLURIX'),
(44, 'CERVARIX'),
(45, 'GARDACEL'),
(46, 'SHANCHOL'),
(47, 'MENCEVAC A&C'),
(48, 'MENINGO ACWY'),
(49, 'TT'),
(50, 'TWINRIX Adult'),
(51, 'AVAXIM 160');

-- --------------------------------------------------------

--
-- Table structure for table `vac_schedule`
--

CREATE TABLE IF NOT EXISTS `vac_schedule` (
  `id` int(11) NOT NULL AUTO_INCREMENT,
  `p_id` int(11) NOT NULL,
  `v_id` int(11) NOT NULL,
  `date` date NOT NULL,
  `date_given` date DEFAULT NULL,
  `given` enum('Y','N') NOT NULL DEFAULT 'N',
  `make` int(11) NOT NULL DEFAULT '0',
  PRIMARY KEY (`id`)
) ENGINE=InnoDB  DEFAULT CHARSET=latin1 AUTO_INCREMENT=1712 ;

--
-- Dumping data for table `vac_schedule`
--

INSERT INTO `vac_schedule` (`id`, `p_id`, `v_id`, `date`, `date_given`, `given`, `make`) VALUES
(290, 19, 1, '1989-04-25', '0000-00-00', 'Y', 0),
(291, 19, 3, '1998-03-24', '0000-00-00', 'N', 0),
(292, 19, 4, '1998-04-23', '0000-00-00', 'N', 0),
(293, 19, 5, '1998-09-20', '0000-00-00', 'N', 0),
(294, 19, 6, '1990-04-25', '2002-02-09', 'Y', 39),
(295, 19, 7, '1993-03-25', '0000-00-00', 'N', 0),
(296, 19, 8, '1989-05-25', '0000-00-00', 'Y', 8),
(297, 19, 9, '1989-06-24', '0000-00-00', 'Y', 8),
(298, 19, 10, '1989-07-24', '0000-00-00', 'Y', 8),
(299, 19, 11, '1990-07-24', '0000-00-00', 'Y', 8),
(300, 19, 12, '1993-10-13', '0000-00-00', 'Y', 8),
(301, 19, 13, '1990-03-31', '0000-00-00', 'N', 0),
(302, 19, 14, '1990-09-27', '0000-00-00', 'N', 0),
(303, 19, 15, '1989-03-26', '1997-09-01', 'Y', 26),
(304, 19, 16, '1989-04-25', '1997-10-01', 'Y', 26),
(305, 19, 17, '1989-09-22', '1998-03-02', 'Y', 26),
(306, 19, 18, '1990-07-24', '0000-00-00', 'N', 0),
(307, 19, 19, '1989-05-25', '0000-00-00', 'N', 0),
(308, 19, 20, '1989-06-24', '0000-00-00', 'N', 0),
(309, 19, 21, '1989-07-24', '0000-00-00', 'N', 0),
(310, 19, 22, '1989-11-21', '0000-00-00', 'N', 0),
(311, 19, 23, '1989-12-21', '0000-00-00', 'N', 0),
(312, 19, 24, '1990-12-21', '0000-00-00', 'N', 0),
(313, 19, 25, '1991-12-21', '0000-00-00', 'N', 0),
(314, 19, 26, '1992-12-20', '0000-00-00', 'N', 0),
(315, 19, 27, '1993-12-20', '0000-00-00', 'N', 0),
(316, 19, 28, '1989-05-25', '0000-00-00', 'N', 0),
(317, 19, 29, '1989-06-24', '0000-00-00', 'N', 0),
(318, 19, 30, '1989-07-24', '0000-00-00', 'N', 0),
(319, 19, 31, '1990-07-24', '0000-00-00', 'N', 0),
(320, 19, 32, '1993-01-21', '0000-00-00', 'N', 0),
(321, 19, 33, '1989-11-21', '0000-00-00', 'Y', 23),
(322, 19, 34, '1991-03-26', '0000-00-00', 'N', 0),
(323, 19, 35, '1994-03-25', '0000-00-00', 'N', 0),
(324, 19, 36, '1997-03-24', '0000-00-00', 'N', 0),
(325, 19, 37, '1990-05-05', '0000-00-00', 'Y', 24),
(326, 19, 38, '1993-10-13', '0000-00-00', 'N', 0),
(327, 19, 39, '1989-05-25', '0000-00-00', 'N', 0),
(328, 19, 40, '1989-06-24', '0000-00-00', 'N', 0),
(329, 19, 41, '1989-07-24', '0000-00-00', 'N', 0),
(330, 19, 42, '1990-07-24', '0000-00-00', 'N', 0),
(331, 19, 43, '1989-05-07', '0000-00-00', 'N', 0),
(332, 19, 44, '1989-06-06', '0000-00-00', 'N', 0),
(333, 19, 45, '1998-10-12', '1999-05-03', 'Y', 49),
(334, 19, 46, '1991-03-26', '1997-10-01', 'Y', 0),
(335, 19, 47, '1994-03-25', '2000-12-30', 'Y', 0),
(336, 19, 48, '1997-03-24', '0000-00-00', 'N', 0),
(337, 19, 49, '2000-03-23', '0000-00-00', 'N', 0),
(338, 19, 50, '2003-03-23', '0000-00-00', 'N', 0),
(339, 19, 51, '2006-03-22', '0000-00-00', 'N', 0),
(340, 19, 52, '2008-10-09', '0000-00-00', 'N', 0),
(341, 20, 1, '1991-05-10', '0000-00-00', 'Y', 0),
(342, 20, 6, '1992-05-09', '2002-02-09', 'Y', 39),
(343, 20, 7, '1995-04-09', '0000-00-00', 'N', 0),
(344, 20, 8, '1991-06-09', '0000-00-00', 'Y', 8),
(345, 20, 9, '1991-07-09', '0000-00-00', 'Y', 8),
(346, 20, 10, '1991-08-08', '0000-00-00', 'Y', 8),
(347, 20, 11, '1992-08-07', '0000-00-00', 'Y', 8),
(348, 20, 12, '1995-10-28', '1997-09-01', 'Y', 8),
(349, 20, 13, '1992-04-14', '0000-00-00', 'N', 0),
(350, 20, 14, '1992-10-11', '0000-00-00', 'N', 0),
(351, 20, 15, '1991-04-10', '1997-09-02', 'Y', 26),
(352, 20, 16, '1991-05-10', '1997-10-01', 'Y', 26),
(353, 20, 17, '1991-10-07', '1998-03-02', 'Y', 26),
(354, 20, 18, '1992-08-07', '0000-00-00', 'N', 0),
(355, 20, 19, '1991-06-09', '0000-00-00', 'N', 0),
(356, 20, 20, '1991-07-09', '0000-00-00', 'N', 0),
(357, 20, 21, '1991-08-08', '0000-00-00', 'N', 0),
(358, 20, 22, '1991-12-06', '0000-00-00', 'N', 0),
(359, 20, 23, '1992-01-05', '0000-00-00', 'N', 0),
(360, 20, 24, '1993-01-04', '0000-00-00', 'N', 0),
(361, 20, 25, '1994-01-04', '0000-00-00', 'N', 0),
(362, 20, 26, '1995-01-04', '0000-00-00', 'N', 0),
(363, 20, 27, '1996-01-04', '0000-00-00', 'N', 0),
(364, 20, 28, '1991-06-09', '0000-00-00', 'N', 0),
(365, 20, 29, '1991-07-09', '0000-00-00', 'N', 0),
(366, 20, 30, '1991-08-08', '0000-00-00', 'N', 0),
(367, 20, 31, '1992-08-07', '0000-00-00', 'N', 0),
(368, 20, 32, '1995-02-05', '0000-00-00', 'N', 0),
(369, 20, 33, '1991-12-06', '0000-00-00', 'Y', 23),
(370, 20, 34, '1993-04-09', '0000-00-00', 'N', 0),
(371, 20, 35, '1996-04-08', '0000-00-00', 'N', 0),
(372, 20, 36, '1999-04-08', '0000-00-00', 'N', 0),
(373, 20, 37, '1992-05-19', '0000-00-00', 'Y', 0),
(374, 20, 38, '1995-10-28', '0000-00-00', 'N', 0),
(375, 20, 39, '1991-06-09', '0000-00-00', 'N', 0),
(376, 20, 40, '1991-07-09', '0000-00-00', 'N', 0),
(377, 20, 41, '1991-08-08', '0000-00-00', 'N', 0),
(378, 20, 42, '1992-08-07', '0000-00-00', 'N', 0),
(379, 20, 43, '1991-05-22', '0000-00-00', 'N', 0),
(380, 20, 44, '1991-06-21', '0000-00-00', 'N', 0),
(381, 20, 45, '2000-10-26', '2002-02-02', 'Y', 49),
(382, 20, 46, '1993-04-09', '1997-11-03', 'Y', 0),
(383, 20, 47, '1996-04-08', '2000-12-30', 'Y', 0),
(384, 20, 48, '1999-04-08', '0000-00-00', 'N', 0),
(385, 20, 49, '2002-04-07', '0000-00-00', 'N', 0),
(386, 20, 50, '2005-04-06', '0000-00-00', 'N', 0),
(387, 20, 51, '2008-04-05', '0000-00-00', 'N', 0),
(388, 20, 52, '2010-10-24', '0000-00-00', 'N', 0),
(389, 21, 1, '1990-07-27', NULL, 'Y', 0),
(390, 21, 34, '1992-06-26', NULL, 'N', 0),
(391, 21, 45, '2000-07-24', NULL, 'N', 0),
(392, 21, 19, '1990-08-26', NULL, 'N', 0),
(393, 21, 33, '1991-03-04', NULL, 'N', 0),
(394, 21, 22, '1991-02-02', NULL, 'N', 0),
(395, 21, 43, '1990-08-26', NULL, 'N', 0),
(396, 21, 46, '1992-07-03', NULL, 'N', 0),
(397, 21, 39, '1990-08-26', NULL, 'N', 0),
(398, 21, 38, '1995-01-14', NULL, 'N', 0),
(399, 21, 37, '1991-08-06', NULL, 'N', 0),
(400, 21, 28, '1990-08-26', NULL, 'N', 0),
(401, 21, 15, '1990-06-27', '1997-10-07', 'Y', 26),
(402, 21, 6, '1991-09-25', NULL, 'N', 0),
(403, 21, 13, '1991-07-04', NULL, 'N', 0),
(404, 21, 7, '1994-06-26', NULL, 'N', 0),
(405, 21, 8, '1990-08-26', NULL, 'Y', 8),
(406, 21, 9, '1990-09-25', NULL, 'Y', 0),
(407, 21, 10, '1990-10-25', NULL, 'Y', 0),
(408, 21, 11, '1991-10-25', NULL, 'Y', 0),
(409, 21, 12, '1994-10-09', '1997-10-07', 'Y', 0),
(410, 21, 14, '1992-02-09', NULL, 'N', 0),
(411, 21, 16, '1990-07-27', '1997-11-11', 'Y', 26),
(412, 21, 17, '1990-12-24', '1998-04-13', 'Y', 26),
(413, 21, 20, '1990-09-25', NULL, 'N', 0),
(414, 21, 21, '1990-10-25', NULL, 'N', 0),
(415, 21, 18, '1991-10-25', NULL, 'N', 0),
(416, 21, 23, '1991-03-04', NULL, 'N', 0),
(417, 21, 24, '1992-03-03', NULL, 'N', 0),
(418, 21, 25, '1993-03-03', NULL, 'N', 0),
(419, 21, 26, '1994-03-03', NULL, 'N', 0),
(420, 21, 27, '1995-03-03', NULL, 'N', 0),
(421, 21, 29, '1990-09-25', NULL, 'N', 0),
(422, 21, 30, '1990-10-25', NULL, 'N', 0),
(423, 21, 31, '1991-10-25', NULL, 'N', 0),
(424, 21, 32, '1994-04-24', NULL, 'N', 0),
(425, 21, 35, '1995-06-26', NULL, 'N', 0),
(426, 21, 36, '1998-06-25', NULL, 'N', 0),
(427, 21, 40, '1990-09-25', NULL, 'N', 0),
(428, 21, 41, '1990-10-25', NULL, 'N', 0),
(429, 21, 42, '1991-10-25', NULL, 'N', 0),
(430, 21, 44, '1990-09-25', NULL, 'N', 0),
(431, 21, 52, '2010-07-22', NULL, 'N', 0),
(432, 21, 47, '1995-07-03', '1997-10-07', 'Y', 33),
(433, 21, 48, '1998-07-02', NULL, 'N', 0),
(434, 21, 49, '2001-07-01', NULL, 'N', 0),
(435, 21, 50, '2004-06-30', NULL, 'N', 0),
(436, 21, 51, '2007-06-30', NULL, 'N', 0),
(437, 22, 1, '1985-06-19', NULL, 'N', 0),
(438, 22, 34, '1987-05-20', NULL, 'N', 0),
(439, 22, 45, '1995-06-17', '1997-11-08', 'Y', 49),
(440, 22, 19, '1985-07-19', NULL, 'N', 0),
(441, 22, 33, '1986-01-25', NULL, 'N', 0),
(442, 22, 22, '1985-12-26', NULL, 'N', 0),
(443, 22, 43, '1985-07-19', NULL, 'N', 0),
(444, 22, 46, '1987-05-27', NULL, 'N', 0),
(445, 22, 39, '1985-07-19', NULL, 'N', 0),
(446, 22, 38, '1989-12-07', NULL, 'N', 0),
(447, 22, 37, '1986-06-29', NULL, 'N', 0),
(448, 22, 28, '1985-07-19', NULL, 'N', 0),
(449, 22, 15, '1985-05-20', '1997-11-08', 'Y', 27),
(450, 22, 6, '1986-08-18', NULL, 'N', 0),
(451, 22, 13, '1986-05-27', NULL, 'N', 0),
(452, 22, 3, '1994-05-18', NULL, 'N', 0),
(453, 22, 7, '1989-05-19', NULL, 'N', 0),
(454, 22, 8, '1985-07-19', NULL, 'N', 0),
(455, 22, 4, '1994-06-17', NULL, 'N', 0),
(456, 22, 5, '1994-11-14', NULL, 'N', 0),
(457, 22, 9, '1985-08-18', NULL, 'N', 0),
(458, 22, 10, '1985-09-17', NULL, 'N', 0),
(459, 22, 11, '1986-09-17', NULL, 'N', 0),
(460, 22, 12, '1989-09-01', NULL, 'N', 0),
(461, 22, 14, '1987-01-02', NULL, 'N', 0),
(462, 22, 16, '1985-06-19', '1997-12-13', 'Y', 27),
(463, 22, 17, '1985-11-16', '1998-05-16', 'Y', 27),
(464, 22, 20, '1985-08-18', NULL, 'N', 0),
(465, 22, 21, '1985-09-17', NULL, 'N', 0),
(466, 22, 18, '1986-09-17', NULL, 'N', 0),
(467, 22, 23, '1986-01-25', NULL, 'N', 0),
(468, 22, 24, '1987-01-25', NULL, 'N', 0),
(469, 22, 25, '1988-01-25', NULL, 'N', 0),
(470, 22, 26, '1989-01-24', NULL, 'N', 0),
(471, 22, 27, '1990-01-24', NULL, 'N', 0),
(472, 22, 29, '1985-08-18', NULL, 'N', 0),
(473, 22, 30, '1985-09-17', NULL, 'N', 0),
(474, 22, 31, '1986-09-17', NULL, 'N', 0),
(475, 22, 32, '1989-03-17', NULL, 'N', 0),
(476, 22, 35, '1990-05-19', NULL, 'N', 0),
(477, 22, 36, '1993-05-18', NULL, 'N', 0),
(478, 22, 40, '1985-08-18', NULL, 'N', 0),
(479, 22, 41, '1985-09-17', NULL, 'N', 0),
(480, 22, 42, '1986-09-17', NULL, 'N', 0),
(481, 22, 44, '1985-08-18', NULL, 'N', 0),
(482, 22, 52, '2005-06-14', NULL, 'N', 0),
(483, 22, 47, '1990-05-26', NULL, 'N', 0),
(484, 22, 48, '1993-05-25', NULL, 'N', 0),
(485, 22, 49, '1996-05-24', NULL, 'N', 0),
(486, 22, 50, '1999-05-24', NULL, 'N', 0),
(487, 22, 51, '2002-05-23', NULL, 'N', 0),
(488, 23, 1, '1992-07-20', NULL, 'Y', 0),
(489, 23, 34, '1994-06-20', NULL, 'N', 0),
(490, 23, 45, '2002-07-18', NULL, 'N', 0),
(491, 23, 19, '1992-08-19', NULL, 'N', 0),
(492, 23, 33, '1993-02-25', NULL, 'Y', 0),
(493, 23, 22, '1993-01-26', NULL, 'N', 0),
(494, 23, 43, '1992-08-19', NULL, 'N', 0),
(495, 23, 46, '1994-06-27', NULL, 'Y', 0),
(496, 23, 39, '1992-08-19', NULL, 'N', 0),
(497, 23, 38, '1997-01-07', '1998-11-23', 'Y', 0),
(498, 23, 37, '1993-07-30', NULL, 'Y', 0),
(499, 23, 28, '1992-08-19', NULL, 'N', 0),
(500, 23, 15, '1992-06-20', '1996-07-26', 'Y', 26),
(501, 23, 6, '1993-09-18', NULL, 'N', 0),
(502, 23, 13, '1993-06-27', NULL, 'N', 0),
(503, 23, 7, '1996-06-19', NULL, 'N', 0),
(504, 23, 8, '1992-08-19', NULL, 'Y', 0),
(505, 23, 9, '1992-09-18', NULL, 'Y', 0),
(506, 23, 10, '1992-10-18', NULL, 'Y', 0),
(507, 23, 11, '1993-10-18', '1997-11-15', 'Y', 8),
(508, 23, 12, '1996-10-02', '1997-11-15', 'Y', 0),
(509, 23, 14, '1994-02-02', NULL, 'N', 0),
(510, 23, 16, '1992-07-20', '1996-08-29', 'Y', 26),
(511, 23, 17, '1992-12-17', '1997-05-10', 'Y', 26),
(512, 23, 20, '1992-09-18', NULL, 'N', 0),
(513, 23, 21, '1992-10-18', NULL, 'N', 0),
(514, 23, 18, '1993-10-18', NULL, 'N', 0),
(515, 23, 23, '1993-02-25', NULL, 'N', 0),
(516, 23, 24, '1994-02-25', NULL, 'N', 0),
(517, 23, 25, '1995-02-25', NULL, 'N', 0),
(518, 23, 26, '1996-02-25', NULL, 'N', 0),
(519, 23, 27, '1997-02-24', NULL, 'N', 0),
(520, 23, 29, '1992-09-18', NULL, 'N', 0),
(521, 23, 30, '1992-10-18', NULL, 'N', 0),
(522, 23, 31, '1993-10-18', NULL, 'N', 0),
(523, 23, 32, '1996-04-17', NULL, 'N', 0),
(524, 23, 35, '1997-06-19', NULL, 'N', 0),
(525, 23, 36, '2000-06-18', NULL, 'N', 0),
(526, 23, 40, '1992-09-18', NULL, 'N', 0),
(527, 23, 41, '1992-10-18', NULL, 'N', 0),
(528, 23, 42, '1993-10-18', NULL, 'N', 0),
(529, 23, 44, '1992-09-18', NULL, 'N', 0),
(530, 23, 52, '2012-07-15', NULL, 'N', 0),
(531, 23, 47, '1997-06-26', '1997-11-15', 'Y', 0),
(532, 23, 48, '2000-06-25', '2000-11-17', 'Y', 0),
(533, 23, 49, '2003-06-25', NULL, 'N', 0),
(534, 23, 50, '2006-06-24', NULL, 'N', 0),
(535, 23, 51, '2009-06-23', NULL, 'N', 0),
(584, 25, 1, '1988-12-26', NULL, 'N', 0),
(585, 25, 34, '1990-11-26', NULL, 'N', 0),
(586, 25, 45, '1998-12-24', '1998-12-09', 'Y', 0),
(587, 25, 19, '1989-01-25', NULL, 'N', 0),
(588, 25, 33, '1989-08-03', NULL, 'N', 0),
(589, 25, 22, '1989-07-04', NULL, 'N', 0),
(590, 25, 43, '1989-01-25', NULL, 'N', 0),
(591, 25, 46, '1990-12-03', NULL, 'N', 0),
(592, 25, 39, '1989-01-25', NULL, 'N', 0),
(593, 25, 38, '1993-06-15', NULL, 'N', 0),
(594, 25, 37, '1990-01-05', NULL, 'N', 0),
(595, 25, 28, '1989-01-25', NULL, 'N', 0),
(596, 25, 15, '1988-11-26', '1997-02-26', 'Y', 26),
(597, 25, 6, '1990-02-24', NULL, 'N', 0),
(598, 25, 13, '1989-12-03', '2004-11-13', 'Y', 37),
(599, 25, 3, '1997-11-24', NULL, 'N', 0),
(600, 25, 7, '1992-11-25', NULL, 'N', 0),
(601, 25, 8, '1989-01-25', NULL, 'N', 0),
(602, 25, 4, '1997-12-24', NULL, 'N', 0),
(603, 25, 5, '1998-05-23', NULL, 'N', 0),
(604, 25, 9, '1989-02-24', NULL, 'N', 0),
(605, 25, 10, '1989-03-26', NULL, 'N', 0),
(606, 25, 11, '1990-03-26', NULL, 'N', 0),
(607, 25, 12, '1993-03-10', NULL, 'N', 0),
(608, 25, 14, '1990-07-11', NULL, 'N', 0),
(609, 25, 16, '1988-12-26', '1997-04-26', 'Y', 0),
(610, 25, 17, '1989-05-25', '1997-10-13', 'Y', 26),
(611, 25, 20, '1989-02-24', NULL, 'N', 0),
(612, 25, 21, '1989-03-26', NULL, 'N', 0),
(613, 25, 18, '1990-03-26', NULL, 'N', 0),
(614, 25, 23, '1989-08-03', NULL, 'N', 0),
(615, 25, 24, '1990-08-03', NULL, 'N', 0),
(616, 25, 25, '1991-08-03', NULL, 'N', 0),
(617, 25, 26, '1992-08-02', NULL, 'N', 0),
(618, 25, 27, '1993-08-02', NULL, 'N', 0),
(619, 25, 29, '1989-02-24', NULL, 'N', 0),
(620, 25, 30, '1989-03-26', NULL, 'N', 0),
(621, 25, 31, '1990-03-26', NULL, 'N', 0),
(622, 25, 32, '1992-09-23', NULL, 'N', 0),
(623, 25, 35, '1993-11-25', NULL, 'N', 0),
(624, 25, 36, '1996-11-24', NULL, 'N', 0),
(625, 25, 40, '1989-02-24', NULL, 'N', 0),
(626, 25, 41, '1989-03-26', NULL, 'N', 0),
(627, 25, 42, '1990-03-26', NULL, 'N', 0),
(628, 25, 44, '1989-02-24', NULL, 'N', 0),
(629, 25, 52, '2008-12-21', NULL, 'N', 0),
(630, 25, 47, '1993-12-02', NULL, 'N', 0),
(631, 25, 48, '1996-12-01', '1997-01-18', 'Y', 0),
(632, 25, 49, '1999-12-01', '2000-08-18', 'Y', 0),
(633, 25, 50, '2002-11-30', '2004-07-23', 'Y', 0),
(634, 25, 51, '2005-11-29', NULL, 'N', 0),
(635, 26, 1, '1992-01-19', '1991-12-27', 'Y', 0),
(636, 26, 34, '1993-12-19', NULL, 'N', 0),
(637, 26, 45, '2002-01-16', '2002-01-19', 'Y', 0),
(638, 26, 19, '1992-02-18', NULL, 'N', 0),
(639, 26, 33, '1992-08-26', '1992-10-09', 'Y', 0),
(640, 26, 22, '1992-07-27', NULL, 'N', 0),
(641, 26, 43, '1992-02-18', NULL, 'N', 0),
(642, 26, 46, '1993-12-26', '1996-02-10', 'Y', 0),
(643, 26, 39, '1992-02-18', NULL, 'N', 0),
(644, 26, 38, '1996-07-08', '1999-02-06', 'Y', 0),
(645, 26, 37, '1993-01-28', '1994-02-12', 'Y', 0),
(646, 26, 28, '1992-02-18', NULL, 'N', 0),
(647, 26, 15, '1991-12-20', '1998-11-13', 'Y', 0),
(648, 26, 6, '1993-03-19', NULL, 'N', 0),
(649, 26, 13, '1992-12-26', NULL, 'N', 0),
(650, 26, 3, '2000-12-17', NULL, 'N', 0),
(651, 26, 7, '1995-12-19', NULL, 'N', 0),
(652, 26, 8, '1992-02-18', '1992-02-05', 'Y', 8),
(653, 26, 4, '2001-01-16', NULL, 'N', 0),
(654, 26, 5, '2001-06-15', NULL, 'N', 0),
(655, 26, 9, '1992-03-19', '1992-03-11', 'Y', 0),
(656, 26, 10, '1992-04-18', '1992-04-10', 'Y', 0),
(657, 26, 11, '1993-04-18', '1993-11-07', 'Y', 0),
(658, 26, 12, '1996-04-02', '1996-08-20', 'Y', 0),
(659, 26, 14, '1993-08-03', NULL, 'N', 0),
(660, 26, 16, '1992-01-19', '1998-12-30', 'Y', 0),
(661, 26, 17, '1992-06-17', NULL, 'Y', 0),
(662, 26, 20, '1992-03-19', NULL, 'N', 0),
(663, 26, 21, '1992-04-18', NULL, 'N', 0),
(664, 26, 18, '1993-04-18', NULL, 'N', 0),
(665, 26, 23, '1992-08-26', NULL, 'N', 0),
(666, 26, 24, '1993-08-26', NULL, 'N', 0),
(667, 26, 25, '1994-08-26', NULL, 'N', 0),
(668, 26, 26, '1995-08-26', NULL, 'N', 0),
(669, 26, 27, '1996-08-25', NULL, 'N', 0),
(670, 26, 29, '1992-03-19', NULL, 'N', 0),
(671, 26, 30, '1992-04-18', NULL, 'N', 0),
(672, 26, 31, '1993-04-18', NULL, 'N', 0),
(673, 26, 32, '1995-10-17', NULL, 'N', 0),
(674, 26, 35, '1996-12-18', '1997-07-31', 'Y', 0),
(675, 26, 36, '1999-12-18', NULL, 'N', 0),
(676, 26, 40, '1992-03-19', NULL, 'N', 0),
(677, 26, 41, '1992-04-18', NULL, 'N', 0),
(678, 26, 42, '1993-04-18', NULL, 'N', 0),
(679, 26, 44, '1992-03-19', NULL, 'N', 0),
(680, 26, 52, '2012-01-14', NULL, 'N', 0),
(681, 26, 47, '1996-12-25', '1999-08-09', 'Y', 0),
(682, 26, 48, '1999-12-25', NULL, 'N', 0),
(683, 26, 49, '2002-12-24', NULL, 'N', 0),
(684, 26, 50, '2005-12-23', NULL, 'N', 0),
(685, 26, 51, '2008-12-22', NULL, 'N', 0),
(686, 27, 1, '1989-06-14', NULL, 'N', 0),
(687, 27, 34, '1991-05-15', NULL, 'N', 0),
(688, 27, 45, '1999-06-12', NULL, 'N', 0),
(689, 27, 19, '1989-07-14', NULL, 'N', 0),
(690, 27, 33, '1990-01-20', NULL, 'N', 0),
(691, 27, 22, '1989-12-21', NULL, 'N', 0),
(692, 27, 43, '1989-07-14', NULL, 'N', 0),
(693, 27, 46, '1991-05-22', NULL, 'N', 0),
(694, 27, 39, '1989-07-14', NULL, 'N', 0),
(695, 27, 38, '1993-12-02', NULL, 'N', 0),
(696, 27, 37, '1990-06-24', NULL, 'N', 0),
(697, 27, 28, '1989-07-14', NULL, 'N', 0),
(698, 27, 15, '1989-05-15', NULL, 'N', 0),
(699, 27, 6, '1990-08-13', NULL, 'N', 0),
(700, 27, 13, '1990-05-22', NULL, 'N', 0),
(701, 27, 7, '1993-05-14', NULL, 'N', 0),
(702, 27, 8, '1989-07-14', NULL, 'N', 0),
(703, 27, 9, '1989-08-13', NULL, 'N', 0),
(704, 27, 10, '1989-09-12', NULL, 'N', 0),
(705, 27, 11, '1990-09-12', NULL, 'N', 0),
(706, 27, 12, '1993-08-27', NULL, 'N', 0),
(707, 27, 14, '1990-12-28', NULL, 'N', 0),
(708, 27, 16, '1989-06-14', NULL, 'N', 0),
(709, 27, 17, '1989-11-11', NULL, 'N', 0),
(710, 27, 20, '1989-08-13', NULL, 'N', 0),
(711, 27, 21, '1989-09-12', NULL, 'N', 0),
(712, 27, 18, '1990-09-12', NULL, 'N', 0),
(713, 27, 23, '1990-01-20', NULL, 'N', 0),
(714, 27, 24, '1991-01-20', NULL, 'N', 0),
(715, 27, 25, '1992-01-20', NULL, 'N', 0),
(716, 27, 26, '1993-01-19', NULL, 'N', 0),
(717, 27, 27, '1994-01-19', NULL, 'N', 0),
(718, 27, 29, '1989-08-13', NULL, 'N', 0),
(719, 27, 30, '1989-09-12', NULL, 'N', 0),
(720, 27, 31, '1990-09-12', NULL, 'N', 0),
(721, 27, 32, '1993-03-12', NULL, 'N', 0),
(722, 27, 35, '1994-05-14', NULL, 'N', 0),
(723, 27, 36, '1997-05-13', NULL, 'N', 0),
(724, 27, 40, '1989-08-13', NULL, 'N', 0),
(725, 27, 41, '1989-09-12', NULL, 'N', 0),
(726, 27, 42, '1990-09-12', NULL, 'N', 0),
(727, 27, 44, '1989-08-13', NULL, 'N', 0),
(728, 27, 52, '2009-06-09', NULL, 'N', 0),
(729, 27, 47, '1994-05-21', NULL, 'N', 0),
(730, 27, 48, '1997-05-20', NULL, 'N', 0),
(731, 27, 49, '2000-05-19', NULL, 'N', 0),
(732, 27, 50, '2003-05-19', NULL, 'N', 0),
(733, 27, 51, '2006-05-18', NULL, 'N', 0),
(734, 28, 1, '1989-06-14', NULL, 'N', 0),
(735, 28, 34, '1991-05-15', NULL, 'N', 0),
(736, 28, 45, '1999-06-12', '2001-12-25', 'Y', 49),
(737, 28, 19, '1989-07-14', NULL, 'N', 0),
(738, 28, 33, '1990-01-20', NULL, 'N', 0),
(739, 28, 22, '1989-12-21', NULL, 'N', 0),
(740, 28, 43, '1989-07-14', NULL, 'N', 0),
(741, 28, 46, '1991-05-22', NULL, 'N', 0),
(742, 28, 39, '1989-07-14', NULL, 'N', 0),
(743, 28, 38, '1993-12-02', '1998-07-10', 'Y', 0),
(744, 28, 37, '1990-06-24', NULL, 'N', 0),
(745, 28, 28, '1989-07-14', NULL, 'N', 0),
(746, 28, 15, '1989-05-15', '1998-06-09', 'Y', 0),
(747, 28, 6, '1990-08-13', NULL, 'N', 0),
(748, 28, 13, '1990-05-22', NULL, 'N', 0),
(749, 28, 7, '1993-05-14', NULL, 'N', 0),
(750, 28, 8, '1989-07-14', NULL, 'N', 0),
(751, 28, 9, '1989-08-13', NULL, 'N', 0),
(752, 28, 10, '1989-09-12', NULL, 'N', 0),
(753, 28, 11, '1990-09-12', NULL, 'N', 0),
(754, 28, 12, '1993-08-27', '1998-06-09', 'Y', 0),
(755, 28, 14, '1990-12-28', NULL, 'N', 0),
(756, 28, 16, '1989-06-14', '1998-07-10', 'Y', 0),
(757, 28, 17, '1989-11-11', '1999-01-09', 'Y', 0),
(758, 28, 20, '1989-08-13', NULL, 'N', 0),
(759, 28, 21, '1989-09-12', NULL, 'N', 0),
(760, 28, 18, '1990-09-12', NULL, 'N', 0),
(761, 28, 23, '1990-01-20', NULL, 'N', 0),
(762, 28, 24, '1991-01-20', NULL, 'N', 0),
(763, 28, 25, '1992-01-20', NULL, 'N', 0),
(764, 28, 26, '1993-01-19', NULL, 'N', 0),
(765, 28, 27, '1994-01-19', NULL, 'N', 0),
(766, 28, 29, '1989-08-13', NULL, 'N', 0),
(767, 28, 30, '1989-09-12', NULL, 'N', 0),
(768, 28, 31, '1990-09-12', NULL, 'N', 0),
(769, 28, 32, '1993-03-12', NULL, 'N', 0),
(770, 28, 35, '1994-05-14', NULL, 'N', 0),
(771, 28, 36, '1997-05-13', NULL, 'N', 0),
(772, 28, 40, '1989-08-13', NULL, 'N', 0),
(773, 28, 41, '1989-09-12', NULL, 'N', 0),
(774, 28, 42, '1990-09-12', NULL, 'N', 0),
(775, 28, 44, '1989-08-13', NULL, 'N', 0),
(776, 28, 52, '2009-06-09', NULL, 'N', 0),
(777, 28, 47, '1994-05-21', '1998-08-11', 'Y', 0),
(778, 28, 48, '1997-05-20', NULL, 'N', 0),
(779, 28, 49, '2000-05-19', NULL, 'N', 0),
(780, 28, 50, '2003-05-19', NULL, 'N', 0),
(781, 28, 51, '2006-05-18', NULL, 'N', 0),
(782, 29, 1, '1988-01-01', NULL, 'N', 0),
(783, 29, 34, '1989-12-01', NULL, 'N', 0),
(784, 29, 45, '1997-12-29', '1998-05-14', 'Y', 49),
(785, 29, 19, '1988-01-31', NULL, 'N', 0),
(786, 29, 33, '1988-08-08', NULL, 'N', 0),
(787, 29, 22, '1988-07-09', NULL, 'N', 0),
(788, 29, 43, '1988-01-31', NULL, 'N', 0),
(789, 29, 46, '1989-12-08', NULL, 'N', 0),
(790, 29, 39, '1988-01-31', NULL, 'N', 0),
(791, 29, 38, '1992-06-20', NULL, 'N', 0),
(792, 29, 37, '1989-01-10', NULL, 'N', 0),
(793, 29, 28, '1988-01-31', NULL, 'N', 0),
(794, 29, 15, '1987-12-02', '1998-06-24', 'Y', 0),
(795, 29, 6, '1989-03-01', '1999-05-22', 'Y', 0),
(796, 29, 13, '1988-12-08', '2004-06-17', 'Y', 0),
(797, 29, 7, '1991-12-01', NULL, 'N', 0),
(798, 29, 8, '1988-01-31', NULL, 'N', 0),
(799, 29, 9, '1988-03-01', NULL, 'N', 0),
(800, 29, 10, '1988-03-31', NULL, 'N', 0),
(801, 29, 11, '1989-03-31', NULL, 'N', 0),
(802, 29, 12, '1992-03-15', NULL, 'N', 0),
(803, 29, 14, '1989-07-16', '2004-12-27', 'Y', 0),
(804, 29, 16, '1988-01-01', '1998-07-25', 'Y', 0),
(805, 29, 17, '1988-05-30', '1999-01-05', 'Y', 0),
(806, 29, 20, '1988-03-01', NULL, 'N', 0),
(807, 29, 21, '1988-03-31', NULL, 'N', 0),
(808, 29, 18, '1989-03-31', NULL, 'N', 0),
(809, 29, 23, '1988-08-08', NULL, 'N', 0),
(810, 29, 24, '1989-08-08', NULL, 'N', 0),
(811, 29, 25, '1990-08-08', NULL, 'N', 0),
(812, 29, 26, '1991-08-08', NULL, 'N', 0),
(813, 29, 27, '1992-08-07', NULL, 'N', 0),
(814, 29, 29, '1988-03-01', NULL, 'N', 0),
(815, 29, 30, '1988-03-31', NULL, 'N', 0),
(816, 29, 31, '1989-03-31', NULL, 'N', 0),
(817, 29, 32, '1991-09-29', NULL, 'N', 0),
(818, 29, 35, '1992-11-30', NULL, 'N', 0),
(819, 29, 36, '1995-11-30', NULL, 'N', 0),
(820, 29, 40, '1988-03-01', NULL, 'N', 0),
(821, 29, 41, '1988-03-31', NULL, 'N', 0),
(822, 29, 42, '1989-03-31', NULL, 'N', 0),
(823, 29, 44, '1988-03-01', NULL, 'N', 0),
(824, 29, 52, '2007-12-27', '2009-05-22', 'Y', 0),
(825, 29, 47, '1992-12-07', NULL, 'N', 0),
(826, 29, 48, '1995-12-07', NULL, 'N', 0),
(827, 29, 49, '1998-12-06', '1998-05-14', 'Y', 0),
(828, 29, 50, '2001-12-05', '2004-05-17', 'Y', 0),
(829, 29, 51, '2004-12-04', NULL, 'N', 0),
(830, 30, 1, '1987-05-01', NULL, 'N', 0),
(831, 30, 34, '1989-03-31', NULL, 'N', 0),
(832, 30, 45, '1997-04-28', NULL, 'N', 0),
(833, 30, 19, '1987-05-31', NULL, 'N', 0),
(834, 30, 33, '1987-12-07', NULL, 'N', 0),
(835, 30, 22, '1987-11-07', NULL, 'N', 0),
(836, 30, 43, '1987-05-31', NULL, 'N', 0),
(837, 30, 46, '1989-04-07', NULL, 'N', 0),
(838, 30, 39, '1987-05-31', NULL, 'N', 0),
(839, 30, 38, '1991-10-19', NULL, 'N', 0),
(840, 30, 37, '1988-05-10', NULL, 'N', 0),
(841, 30, 28, '1987-05-31', NULL, 'N', 0),
(842, 30, 15, '1987-04-01', '1999-03-20', 'Y', 0),
(843, 30, 6, '1988-06-29', NULL, 'N', 0),
(844, 30, 13, '1988-04-07', NULL, 'N', 0),
(845, 30, 3, '1996-03-29', NULL, 'N', 0),
(846, 30, 7, '1991-03-31', NULL, 'N', 0),
(847, 30, 8, '1987-05-31', NULL, 'N', 0),
(848, 30, 4, '1996-04-28', NULL, 'N', 0),
(849, 30, 5, '1996-09-25', NULL, 'N', 0),
(850, 30, 9, '1987-06-30', NULL, 'N', 0),
(851, 30, 10, '1987-07-30', NULL, 'N', 0),
(852, 30, 11, '1988-07-29', NULL, 'N', 0),
(853, 30, 12, '1991-07-14', NULL, 'N', 0),
(854, 30, 14, '1988-11-13', NULL, 'N', 0),
(855, 30, 16, '1987-05-01', '1999-05-01', 'Y', 0),
(856, 30, 17, '1987-09-28', '1999-09-24', 'Y', 0),
(857, 30, 20, '1987-06-30', NULL, 'N', 0),
(858, 30, 21, '1987-07-30', NULL, 'N', 0),
(859, 30, 18, '1988-07-29', NULL, 'N', 0),
(860, 30, 23, '1987-12-07', NULL, 'N', 0),
(861, 30, 24, '1988-12-06', NULL, 'N', 0),
(862, 30, 25, '1989-12-06', NULL, 'N', 0),
(863, 30, 26, '1990-12-06', NULL, 'N', 0),
(864, 30, 27, '1991-12-06', NULL, 'N', 0),
(865, 30, 29, '1987-06-30', NULL, 'N', 0),
(866, 30, 30, '1987-07-30', NULL, 'N', 0),
(867, 30, 31, '1988-07-29', NULL, 'N', 0),
(868, 30, 32, '1991-01-27', NULL, 'N', 0),
(869, 30, 35, '1992-03-30', NULL, 'N', 0),
(870, 30, 36, '1995-03-30', NULL, 'N', 0),
(871, 30, 40, '1987-06-30', NULL, 'N', 0),
(872, 30, 41, '1987-07-30', NULL, 'N', 0),
(873, 30, 42, '1988-07-29', NULL, 'N', 0),
(874, 30, 44, '1987-06-30', NULL, 'N', 0),
(875, 30, 52, '2007-04-26', NULL, 'N', 0),
(876, 30, 47, '1992-04-06', NULL, 'N', 0),
(877, 30, 48, '1995-04-06', NULL, 'N', 0),
(878, 30, 49, '1998-04-05', NULL, 'N', 0),
(879, 30, 50, '2001-04-04', NULL, 'N', 0),
(880, 30, 51, '2004-04-03', NULL, 'N', 0),
(881, 31, 1, '1990-07-09', NULL, 'N', 0),
(882, 31, 34, '1992-06-08', NULL, 'N', 0),
(883, 31, 45, '2000-07-06', '2001-04-30', 'Y', 0),
(884, 31, 19, '1990-08-08', NULL, 'N', 0),
(885, 31, 33, '1991-02-14', NULL, 'N', 0),
(886, 31, 22, '1991-01-15', NULL, 'N', 0),
(887, 31, 43, '1990-08-08', NULL, 'N', 0),
(888, 31, 46, '1992-06-15', NULL, 'N', 0),
(889, 31, 39, '1990-08-08', NULL, 'N', 0),
(890, 31, 38, '1994-12-27', NULL, 'N', 0),
(891, 31, 37, '1991-07-19', NULL, 'N', 0),
(892, 31, 28, '1990-08-08', NULL, 'N', 0),
(893, 31, 15, '1990-06-09', '1999-03-20', 'Y', 0),
(894, 31, 6, '1991-09-07', NULL, 'N', 0),
(895, 31, 13, '1991-06-16', NULL, 'N', 0),
(896, 31, 7, '1994-06-08', NULL, 'N', 0),
(897, 31, 8, '1990-08-08', NULL, 'N', 0),
(898, 31, 9, '1990-09-07', NULL, 'N', 0),
(899, 31, 10, '1990-10-07', NULL, 'N', 0),
(900, 31, 11, '1991-10-07', NULL, 'N', 0),
(901, 31, 12, '1994-09-21', NULL, 'N', 0),
(902, 31, 14, '1992-01-22', NULL, 'N', 0),
(903, 31, 16, '1990-07-09', '1999-05-01', 'Y', 0),
(904, 31, 17, '1990-12-06', '1999-09-24', 'Y', 0),
(905, 31, 20, '1990-09-07', NULL, 'N', 0),
(906, 31, 21, '1990-10-07', NULL, 'N', 0),
(907, 31, 18, '1991-10-07', NULL, 'N', 0),
(908, 31, 23, '1991-02-14', NULL, 'N', 0),
(909, 31, 24, '1992-02-14', NULL, 'N', 0),
(910, 31, 25, '1993-02-13', NULL, 'N', 0),
(911, 31, 26, '1994-02-13', NULL, 'N', 0),
(912, 31, 27, '1995-02-13', NULL, 'N', 0),
(913, 31, 29, '1990-09-07', NULL, 'N', 0),
(914, 31, 30, '1990-10-07', NULL, 'N', 0),
(915, 31, 31, '1991-10-07', NULL, 'N', 0),
(916, 31, 32, '1994-04-06', NULL, 'N', 0),
(917, 31, 35, '1995-06-08', NULL, 'N', 0),
(918, 31, 36, '1998-06-07', NULL, 'N', 0),
(919, 31, 40, '1990-09-07', NULL, 'N', 0),
(920, 31, 41, '1990-10-07', NULL, 'N', 0),
(921, 31, 42, '1991-10-07', NULL, 'N', 0),
(922, 31, 44, '1990-09-07', NULL, 'N', 0),
(923, 31, 52, '2010-07-04', NULL, 'N', 0),
(924, 31, 47, '1995-06-15', NULL, 'N', 0),
(925, 31, 48, '1998-06-14', NULL, 'N', 0),
(926, 31, 49, '2001-06-13', NULL, 'N', 0),
(927, 31, 50, '2004-06-12', NULL, 'N', 0),
(928, 31, 51, '2007-06-12', NULL, 'N', 0),
(929, 32, 1, '1992-04-25', NULL, 'N', 0),
(930, 32, 34, '1994-03-26', NULL, 'N', 0),
(931, 32, 45, '2002-04-23', NULL, 'N', 0),
(932, 32, 19, '1992-05-25', NULL, 'N', 0),
(933, 32, 33, '1992-12-01', NULL, 'N', 0),
(934, 32, 22, '1992-11-01', NULL, 'N', 0),
(935, 32, 43, '1992-05-25', NULL, 'N', 0),
(936, 32, 46, '1994-04-02', '1999-07-31', 'Y', 0),
(937, 32, 39, '1992-05-25', NULL, 'N', 0),
(938, 32, 38, '1996-10-13', NULL, 'N', 0),
(939, 32, 37, '1993-05-05', '1999-04-13', 'Y', 0),
(940, 32, 28, '1992-05-25', NULL, 'N', 0),
(941, 32, 15, '1992-03-26', '1999-05-18', 'Y', 0),
(942, 32, 6, '1993-06-24', '2000-02-12', 'Y', 39),
(943, 32, 13, '1993-04-02', NULL, 'N', 0),
(944, 32, 7, '1996-03-25', NULL, 'N', 0),
(945, 32, 8, '1992-05-25', NULL, 'N', 0),
(946, 32, 9, '1992-06-24', NULL, 'N', 0),
(947, 32, 10, '1992-07-24', NULL, 'N', 0),
(948, 32, 11, '1993-07-24', NULL, 'N', 0),
(949, 32, 12, '1996-07-08', NULL, 'N', 0),
(950, 32, 14, '1993-11-08', NULL, 'N', 0),
(951, 32, 16, '1992-04-25', '1999-06-21', 'Y', 0),
(952, 32, 17, '1992-09-22', '1999-11-22', 'Y', 0),
(953, 32, 20, '1992-06-24', NULL, 'N', 0),
(954, 32, 21, '1992-07-24', NULL, 'N', 0),
(955, 32, 18, '1993-07-24', NULL, 'N', 0),
(956, 32, 23, '1992-12-01', NULL, 'N', 0),
(957, 32, 24, '1993-12-01', NULL, 'N', 0),
(958, 32, 25, '1994-12-01', NULL, 'N', 0),
(959, 32, 26, '1995-12-01', NULL, 'N', 0),
(960, 32, 27, '1996-11-30', NULL, 'N', 0),
(961, 32, 29, '1992-06-24', NULL, 'N', 0),
(962, 32, 30, '1992-07-24', NULL, 'N', 0),
(963, 32, 31, '1993-07-24', NULL, 'N', 0),
(964, 32, 32, '1996-01-22', NULL, 'N', 0),
(965, 32, 35, '1997-03-25', NULL, 'N', 0),
(966, 32, 36, '2000-03-24', NULL, 'N', 0),
(967, 32, 40, '1992-06-24', NULL, 'N', 0),
(968, 32, 41, '1992-07-24', NULL, 'N', 0),
(969, 32, 42, '1993-07-24', NULL, 'N', 0),
(970, 32, 44, '1992-06-24', NULL, 'N', 0),
(971, 32, 52, '2012-04-20', NULL, 'N', 0),
(972, 32, 47, '1997-04-01', NULL, 'N', 0),
(973, 32, 48, '2000-03-31', NULL, 'N', 0),
(974, 32, 49, '2003-03-31', NULL, 'N', 0),
(975, 32, 50, '2006-03-30', NULL, 'N', 0),
(976, 32, 51, '2009-03-29', NULL, 'N', 0),
(977, 33, 1, '1988-05-16', NULL, 'Y', 0),
(978, 33, 34, '1990-04-16', NULL, 'N', 0),
(979, 33, 45, '1998-05-14', '1999-06-21', 'Y', 0),
(980, 33, 19, '1988-06-15', NULL, 'N', 0),
(981, 33, 33, '1988-12-22', NULL, 'N', 0),
(982, 33, 22, '1988-11-22', NULL, 'N', 0),
(983, 33, 43, '1988-06-15', NULL, 'N', 0),
(984, 33, 46, '1990-04-23', '1999-07-31', 'Y', 0),
(985, 33, 39, '1988-06-15', NULL, 'N', 0),
(986, 33, 38, '1992-11-03', NULL, 'N', 0),
(987, 33, 37, '1989-05-26', '1999-06-21', 'Y', 0),
(988, 33, 28, '1988-06-15', NULL, 'N', 0),
(989, 33, 15, '1988-04-16', '1999-04-14', 'Y', 0),
(990, 33, 6, '1989-07-15', NULL, 'N', 0),
(991, 33, 13, '1989-04-23', NULL, 'N', 0),
(992, 33, 7, '1992-04-15', NULL, 'N', 0),
(993, 33, 8, '1988-06-15', NULL, 'Y', 0),
(994, 33, 9, '1988-07-15', NULL, 'Y', 0),
(995, 33, 10, '1988-08-14', NULL, 'Y', 0),
(996, 33, 11, '1989-08-14', NULL, 'Y', 0),
(997, 33, 12, '1992-07-29', NULL, 'Y', 0),
(998, 33, 14, '1989-11-29', NULL, 'N', 0),
(999, 33, 16, '1988-05-16', '1999-05-18', 'Y', 0),
(1000, 33, 17, '1988-10-13', '1999-10-23', 'Y', 0),
(1001, 33, 20, '1988-07-15', NULL, 'N', 0),
(1002, 33, 21, '1988-08-14', NULL, 'N', 0),
(1003, 33, 18, '1989-08-14', NULL, 'N', 0),
(1004, 33, 23, '1988-12-22', NULL, 'N', 0),
(1005, 33, 24, '1989-12-22', NULL, 'N', 0),
(1006, 33, 25, '1990-12-22', NULL, 'N', 0),
(1007, 33, 26, '1991-12-22', NULL, 'N', 0),
(1008, 33, 27, '1992-12-21', NULL, 'N', 0),
(1009, 33, 29, '1988-07-15', NULL, 'N', 0),
(1010, 33, 30, '1988-08-14', NULL, 'N', 0),
(1011, 33, 31, '1989-08-14', NULL, 'N', 0),
(1012, 33, 32, '1992-02-12', NULL, 'N', 0),
(1013, 33, 35, '1993-04-15', NULL, 'N', 0),
(1014, 33, 36, '1996-04-14', NULL, 'N', 0),
(1015, 33, 40, '1988-07-15', NULL, 'N', 0),
(1016, 33, 41, '1988-08-14', NULL, 'N', 0),
(1017, 33, 42, '1989-08-14', NULL, 'N', 0),
(1018, 33, 44, '1988-07-15', NULL, 'N', 0),
(1019, 33, 52, '2008-05-11', NULL, 'N', 0),
(1020, 33, 47, '1993-04-22', NULL, 'N', 0),
(1021, 33, 48, '1996-04-21', NULL, 'N', 0),
(1022, 33, 49, '1999-04-21', NULL, 'N', 0),
(1023, 33, 50, '2002-04-20', NULL, 'N', 0),
(1024, 33, 51, '2005-04-19', NULL, 'N', 0),
(1025, 34, 1, '1989-03-18', NULL, 'Y', 0),
(1026, 34, 34, '1991-02-16', NULL, 'N', 0),
(1027, 34, 45, '1999-03-16', '1999-12-24', 'Y', 0),
(1028, 34, 19, '1989-04-17', NULL, 'N', 0),
(1029, 34, 33, '1989-10-24', NULL, 'Y', 0),
(1030, 34, 22, '1989-09-24', NULL, 'N', 0),
(1031, 34, 43, '1989-04-17', NULL, 'N', 0),
(1032, 34, 46, '1991-02-23', '1999-10-23', 'Y', 0),
(1033, 34, 39, '1989-04-17', NULL, 'N', 0),
(1034, 34, 38, '1993-09-05', NULL, 'N', 0),
(1035, 34, 37, '1990-03-28', '1999-06-16', 'Y', 0),
(1036, 34, 28, '1989-04-17', NULL, 'N', 0),
(1037, 34, 15, '1989-02-16', '1999-07-30', 'Y', 0),
(1038, 34, 6, '1990-05-17', NULL, 'N', 0),
(1039, 34, 13, '1990-02-23', NULL, 'N', 0),
(1040, 34, 7, '1993-02-15', NULL, 'N', 0),
(1041, 34, 8, '1989-04-17', NULL, 'Y', 0),
(1042, 34, 9, '1989-05-17', NULL, 'N', 0),
(1043, 34, 10, '1989-06-16', NULL, 'N', 0),
(1044, 34, 11, '1990-06-16', NULL, 'Y', 0),
(1045, 34, 12, '1993-05-31', NULL, 'N', 0),
(1046, 34, 14, '1990-10-01', NULL, 'N', 0),
(1047, 34, 16, '1989-03-18', '1999-09-17', 'Y', 0),
(1048, 34, 17, '1989-08-15', '2000-04-11', 'Y', 0),
(1049, 34, 20, '1989-05-17', NULL, 'N', 0),
(1050, 34, 21, '1989-06-16', NULL, 'N', 0),
(1051, 34, 18, '1990-06-16', NULL, 'N', 0),
(1052, 34, 23, '1989-10-24', NULL, 'N', 0),
(1053, 34, 24, '1990-10-24', NULL, 'N', 0),
(1054, 34, 25, '1991-10-24', NULL, 'N', 0),
(1055, 34, 26, '1992-10-23', NULL, 'N', 0),
(1056, 34, 27, '1993-10-23', NULL, 'N', 0),
(1057, 34, 29, '1989-05-17', NULL, 'N', 0),
(1058, 34, 30, '1989-06-16', NULL, 'N', 0),
(1059, 34, 31, '1990-06-16', NULL, 'N', 0),
(1060, 34, 32, '1992-12-14', NULL, 'N', 0),
(1061, 34, 35, '1994-02-15', NULL, 'N', 0),
(1062, 34, 36, '1997-02-14', NULL, 'N', 0),
(1063, 34, 40, '1989-05-17', NULL, 'N', 0),
(1064, 34, 41, '1989-06-16', NULL, 'N', 0),
(1065, 34, 42, '1990-06-16', NULL, 'N', 0),
(1066, 34, 44, '1989-05-17', NULL, 'N', 0),
(1067, 34, 52, '2009-03-13', NULL, 'N', 0),
(1068, 34, 47, '1994-02-22', NULL, 'N', 0),
(1069, 34, 48, '1997-02-21', NULL, 'N', 49),
(1070, 34, 49, '2000-02-21', NULL, 'N', 0),
(1071, 34, 50, '2003-02-20', NULL, 'N', 0),
(1072, 34, 51, '2006-02-19', NULL, 'N', 0),
(1073, 35, 1, '1992-12-18', NULL, 'Y', 0),
(1074, 35, 34, '1994-11-18', NULL, 'N', 0),
(1075, 35, 45, '2002-12-16', NULL, 'N', 0),
(1076, 35, 19, '1993-01-17', NULL, 'N', 0),
(1077, 35, 33, '1993-07-26', NULL, 'N', 0),
(1078, 35, 22, '1993-06-26', NULL, 'N', 0),
(1079, 35, 43, '1993-01-17', NULL, 'N', 0),
(1080, 35, 46, '1994-11-25', '1999-10-23', 'Y', 0),
(1081, 35, 39, '1993-01-17', NULL, 'N', 0),
(1082, 35, 38, '1997-06-07', NULL, 'N', 0),
(1083, 35, 37, '1993-12-28', '1999-12-24', 'Y', 0),
(1084, 35, 28, '1993-01-17', NULL, 'N', 0),
(1085, 35, 15, '1992-11-18', '1999-07-30', 'Y', 0),
(1086, 35, 6, '1994-02-16', NULL, 'N', 0),
(1087, 35, 13, '1993-11-25', NULL, 'N', 0),
(1088, 35, 3, '2001-11-16', NULL, 'N', 0),
(1089, 35, 7, '1996-11-17', NULL, 'N', 0),
(1090, 35, 8, '1993-01-17', NULL, 'Y', 0),
(1091, 35, 4, '2001-12-16', NULL, 'N', 0),
(1092, 35, 5, '2002-05-15', NULL, 'N', 0),
(1093, 35, 9, '1993-02-16', NULL, 'Y', 0),
(1094, 35, 10, '1993-03-18', NULL, 'Y', 0),
(1095, 35, 11, '1994-03-18', NULL, 'N', 0),
(1096, 35, 12, '1997-03-02', '1999-06-16', 'Y', 0),
(1097, 35, 14, '1994-07-03', NULL, 'N', 0),
(1098, 35, 16, '1992-12-18', '1999-09-17', 'Y', 0),
(1099, 35, 17, '1993-05-17', '2000-04-11', 'Y', 0),
(1100, 35, 20, '1993-02-16', NULL, 'N', 0),
(1101, 35, 21, '1993-03-18', NULL, 'N', 0),
(1102, 35, 18, '1994-03-18', NULL, 'N', 0),
(1103, 35, 23, '1993-07-26', NULL, 'N', 0),
(1104, 35, 24, '1994-07-26', NULL, 'N', 0),
(1105, 35, 25, '1995-07-26', NULL, 'N', 0),
(1106, 35, 26, '1996-07-25', NULL, 'N', 0),
(1107, 35, 27, '1997-07-25', NULL, 'N', 0),
(1108, 35, 29, '1993-02-16', NULL, 'N', 0),
(1109, 35, 30, '1993-03-18', NULL, 'N', 0),
(1110, 35, 31, '1994-03-18', NULL, 'N', 0),
(1111, 35, 32, '1996-09-15', NULL, 'N', 0),
(1112, 35, 35, '1997-11-17', NULL, 'N', 0),
(1113, 35, 36, '2000-11-16', NULL, 'N', 0),
(1114, 35, 40, '1993-02-16', NULL, 'N', 0),
(1115, 35, 41, '1993-03-18', NULL, 'N', 0),
(1116, 35, 42, '1994-03-18', NULL, 'N', 0),
(1117, 35, 44, '1993-02-16', NULL, 'N', 0),
(1118, 35, 52, '2012-12-13', NULL, 'N', 0),
(1119, 35, 47, '1997-11-24', NULL, 'N', 0),
(1120, 35, 48, '2000-11-23', NULL, 'N', 0),
(1121, 35, 49, '2003-11-23', NULL, 'N', 0),
(1122, 35, 50, '2006-11-22', NULL, 'N', 0),
(1123, 35, 51, '2009-11-21', NULL, 'N', 0),
(1124, 36, 1, '1990-08-19', NULL, 'N', 0),
(1125, 36, 34, '1992-07-19', NULL, 'N', 0),
(1126, 36, 45, '2000-08-16', NULL, 'N', 0),
(1127, 36, 19, '1990-09-18', NULL, 'N', 0),
(1128, 36, 33, '1991-03-27', NULL, 'N', 0),
(1129, 36, 22, '1991-02-25', NULL, 'N', 0),
(1130, 36, 43, '1990-09-18', NULL, 'N', 0),
(1131, 36, 46, '1992-07-26', NULL, 'N', 0),
(1132, 36, 39, '1990-09-18', NULL, 'N', 0),
(1133, 36, 38, '1995-02-06', NULL, 'N', 0),
(1134, 36, 37, '1991-08-29', NULL, 'N', 0),
(1135, 36, 28, '1990-09-18', NULL, 'N', 0),
(1136, 36, 15, '1990-07-20', NULL, 'N', 0),
(1137, 36, 6, '1991-10-18', NULL, 'N', 0),
(1138, 36, 13, '1991-07-27', NULL, 'N', 0),
(1139, 36, 7, '1994-07-19', NULL, 'N', 0),
(1140, 36, 8, '1990-09-18', NULL, 'N', 0),
(1141, 36, 9, '1990-10-18', NULL, 'N', 0),
(1142, 36, 10, '1990-11-17', NULL, 'N', 0),
(1143, 36, 11, '1991-11-17', NULL, 'N', 0),
(1144, 36, 12, '1994-11-01', NULL, 'N', 0),
(1145, 36, 14, '1992-03-03', NULL, 'N', 0),
(1146, 36, 16, '1990-08-19', NULL, 'N', 0),
(1147, 36, 17, '1991-01-16', NULL, 'N', 0),
(1148, 36, 20, '1990-10-18', NULL, 'N', 0),
(1149, 36, 21, '1990-11-17', NULL, 'N', 0),
(1150, 36, 18, '1991-11-17', NULL, 'N', 0),
(1151, 36, 23, '1991-03-27', NULL, 'N', 0),
(1152, 36, 24, '1992-03-26', NULL, 'N', 0),
(1153, 36, 25, '1993-03-26', NULL, 'N', 0),
(1154, 36, 26, '1994-03-26', NULL, 'N', 0),
(1155, 36, 27, '1995-03-26', NULL, 'N', 0),
(1156, 36, 29, '1990-10-18', NULL, 'N', 0),
(1157, 36, 30, '1990-11-17', NULL, 'N', 0),
(1158, 36, 31, '1991-11-17', NULL, 'N', 0),
(1159, 36, 32, '1994-05-17', NULL, 'N', 0),
(1160, 36, 35, '1995-07-19', NULL, 'N', 0),
(1161, 36, 36, '1998-07-18', NULL, 'N', 0),
(1162, 36, 40, '1990-10-18', NULL, 'N', 0),
(1163, 36, 41, '1990-11-17', NULL, 'N', 0),
(1164, 36, 42, '1991-11-17', NULL, 'N', 0),
(1165, 36, 44, '1990-10-18', NULL, 'N', 0),
(1166, 36, 52, '2010-08-14', NULL, 'N', 0),
(1167, 36, 47, '1995-07-26', NULL, 'N', 0),
(1168, 36, 48, '1998-07-25', NULL, 'N', 0),
(1169, 36, 49, '2001-07-24', NULL, 'N', 0),
(1170, 36, 50, '2004-07-23', NULL, 'N', 0),
(1171, 36, 51, '2007-07-23', NULL, 'N', 0),
(1172, 37, 1, '1992-01-01', NULL, 'Y', 0),
(1173, 37, 34, '1993-12-01', NULL, 'N', 0),
(1174, 37, 45, '2001-12-29', '2002-01-09', 'Y', 49),
(1175, 37, 19, '1992-01-31', NULL, 'N', 0),
(1176, 37, 33, '1992-08-08', NULL, 'Y', 0),
(1177, 37, 22, '1992-07-09', NULL, 'N', 0),
(1178, 37, 43, '1992-01-31', NULL, 'N', 0),
(1179, 37, 46, '1993-12-08', NULL, 'N', 0),
(1180, 37, 39, '1992-01-31', NULL, 'N', 0),
(1181, 37, 38, '1996-06-20', '2007-01-19', 'Y', 25),
(1182, 37, 37, '1993-01-10', NULL, 'Y', 0),
(1183, 37, 28, '1992-01-31', NULL, 'N', 0),
(1184, 37, 15, '1991-12-02', NULL, 'Y', 0),
(1185, 37, 6, '1993-03-01', '2000-02-09', 'Y', 39),
(1186, 37, 13, '1992-12-08', '2000-03-25', 'Y', 35),
(1187, 37, 7, '1995-12-01', NULL, 'N', 0),
(1188, 37, 8, '1992-01-31', NULL, 'Y', 0),
(1189, 37, 9, '1992-03-01', NULL, 'N', 0),
(1190, 37, 10, '1992-03-31', NULL, 'Y', 0),
(1191, 37, 11, '1993-03-31', NULL, 'Y', 0),
(1192, 37, 12, '1996-03-15', NULL, 'Y', 0),
(1193, 37, 14, '1993-07-16', '2000-09-28', 'Y', 0),
(1194, 37, 16, '1992-01-01', NULL, 'Y', 0),
(1195, 37, 17, '1992-05-30', NULL, 'N', 0),
(1196, 37, 20, '1992-03-01', NULL, 'N', 0),
(1197, 37, 21, '1992-03-31', NULL, 'N', 0),
(1198, 37, 18, '1993-03-31', NULL, 'N', 0),
(1199, 37, 23, '1992-08-08', NULL, 'N', 0),
(1200, 37, 24, '1993-08-08', NULL, 'N', 0),
(1201, 37, 25, '1994-08-08', NULL, 'N', 0),
(1202, 37, 26, '1995-08-08', NULL, 'N', 0),
(1203, 37, 27, '1996-08-07', NULL, 'N', 0),
(1204, 37, 29, '1992-03-01', NULL, 'N', 0),
(1205, 37, 30, '1992-03-31', NULL, 'N', 0),
(1206, 37, 31, '1993-03-31', NULL, 'N', 0),
(1207, 37, 32, '1995-09-29', NULL, 'N', 0),
(1208, 37, 35, '1996-11-30', NULL, 'N', 0),
(1209, 37, 36, '1999-11-30', NULL, 'N', 0),
(1210, 37, 40, '1992-03-01', NULL, 'N', 0),
(1211, 37, 41, '1992-03-31', NULL, 'N', 0),
(1212, 37, 42, '1993-03-31', NULL, 'N', 0),
(1213, 37, 44, '1992-03-01', NULL, 'N', 0),
(1214, 37, 52, '2011-12-27', '2008-04-28', 'Y', 31),
(1215, 37, 47, '1996-12-07', NULL, 'N', 0),
(1216, 37, 48, '1999-12-07', NULL, 'N', 0),
(1217, 37, 49, '2002-12-06', '2002-05-04', 'Y', 0),
(1218, 37, 50, '2005-12-05', '2005-09-03', 'Y', 0),
(1219, 37, 51, '2008-12-04', NULL, 'N', 0),
(1220, 38, 1, '1988-04-04', NULL, 'Y', 0),
(1221, 38, 34, '1990-03-05', NULL, 'N', 0),
(1222, 38, 45, '1998-04-02', '2002-09-15', 'Y', 49),
(1223, 38, 19, '1988-05-04', NULL, 'N', 0),
(1224, 38, 33, '1988-11-10', NULL, 'Y', 0),
(1225, 38, 22, '1988-10-11', NULL, 'N', 0),
(1226, 38, 43, '1988-05-04', NULL, 'N', 0),
(1227, 38, 46, '1990-03-12', NULL, 'N', 0),
(1228, 38, 39, '1988-05-04', NULL, 'N', 0),
(1229, 38, 38, '1992-09-22', NULL, 'N', 0),
(1230, 38, 37, '1989-04-14', NULL, 'Y', 0),
(1231, 38, 28, '1988-05-04', NULL, 'N', 0),
(1232, 38, 15, '1988-03-05', NULL, 'Y', 0),
(1233, 38, 6, '1989-06-03', '2000-06-01', 'Y', 0),
(1234, 38, 13, '1989-03-12', '2000-09-11', 'Y', 35),
(1235, 38, 3, '1997-03-03', NULL, 'N', 0),
(1236, 38, 7, '1992-03-04', NULL, 'N', 0),
(1237, 38, 8, '1988-05-04', NULL, 'Y', 0),
(1238, 38, 4, '1997-04-02', NULL, 'N', 0),
(1239, 38, 5, '1997-08-30', NULL, 'N', 0),
(1240, 38, 9, '1988-06-03', NULL, 'Y', 0),
(1241, 38, 10, '1988-07-03', NULL, 'Y', 0),
(1242, 38, 11, '1989-07-03', NULL, 'Y', 0),
(1243, 38, 12, '1992-06-17', NULL, 'Y', 0),
(1244, 38, 14, '1989-10-18', '2001-03-28', 'Y', 0),
(1245, 38, 16, '1988-04-04', NULL, 'Y', 0),
(1246, 38, 17, '1988-09-01', NULL, 'Y', 0),
(1247, 38, 20, '1988-06-03', NULL, 'N', 0),
(1248, 38, 21, '1988-07-03', NULL, 'N', 0),
(1249, 38, 18, '1989-07-03', NULL, 'N', 0),
(1250, 38, 23, '1988-11-10', NULL, 'N', 0),
(1251, 38, 24, '1989-11-10', NULL, 'N', 0),
(1252, 38, 25, '1990-11-10', NULL, 'N', 0),
(1253, 38, 26, '1991-11-10', NULL, 'N', 0),
(1254, 38, 27, '1992-11-09', NULL, 'N', 0),
(1255, 38, 29, '1988-06-03', NULL, 'N', 0),
(1256, 38, 30, '1988-07-03', NULL, 'N', 0),
(1257, 38, 31, '1989-07-03', NULL, 'N', 0),
(1258, 38, 32, '1992-01-01', NULL, 'N', 0),
(1259, 38, 35, '1993-03-04', NULL, 'N', 0),
(1260, 38, 36, '1996-03-03', NULL, 'N', 0),
(1261, 38, 40, '1988-06-03', NULL, 'N', 0),
(1262, 38, 41, '1988-07-03', NULL, 'N', 0),
(1263, 38, 42, '1989-07-03', NULL, 'N', 0),
(1264, 38, 44, '1988-06-03', NULL, 'N', 0),
(1265, 38, 52, '2008-03-30', NULL, 'N', 0),
(1266, 38, 47, '1993-03-11', NULL, 'N', 0),
(1267, 38, 48, '1996-03-10', NULL, 'N', 0),
(1268, 38, 49, '1999-03-10', '2002-05-04', 'Y', 0),
(1269, 38, 50, '2002-03-09', '2005-08-13', 'Y', 0),
(1270, 38, 51, '2005-03-08', NULL, 'N', 0),
(1271, 39, 1, '1990-09-09', NULL, 'Y', 0),
(1272, 39, 34, '1992-08-09', NULL, 'N', 0),
(1273, 39, 45, '2000-09-06', NULL, 'N', 0),
(1274, 39, 19, '1990-10-09', NULL, 'N', 0),
(1275, 39, 33, '1991-04-17', NULL, 'Y', 0),
(1276, 39, 22, '1991-03-18', NULL, 'N', 0),
(1277, 39, 43, '1990-10-09', NULL, 'N', 0),
(1278, 39, 46, '1992-08-16', NULL, 'N', 0),
(1279, 39, 39, '1990-10-09', NULL, 'N', 0),
(1280, 39, 38, '1995-02-27', NULL, 'N', 0),
(1281, 39, 37, '1991-09-19', '2000-01-29', 'Y', 0),
(1282, 39, 28, '1990-10-09', NULL, 'N', 0),
(1283, 39, 15, '1990-08-10', NULL, 'Y', 0),
(1284, 39, 6, '1991-11-08', NULL, 'N', 0),
(1285, 39, 13, '1991-08-17', NULL, 'N', 0),
(1286, 39, 3, '1999-08-08', NULL, 'N', 0),
(1287, 39, 7, '1994-08-09', NULL, 'N', 0),
(1288, 39, 8, '1990-10-09', NULL, 'Y', 0),
(1289, 39, 4, '1999-09-07', NULL, 'N', 0),
(1290, 39, 5, '2000-02-04', NULL, 'N', 0),
(1291, 39, 9, '1990-11-08', NULL, 'Y', 0),
(1292, 39, 10, '1990-12-08', NULL, 'Y', 0),
(1293, 39, 11, '1991-12-08', NULL, 'Y', 0),
(1294, 39, 12, '1994-11-22', '1999-12-27', 'Y', 0),
(1295, 39, 14, '1992-03-24', NULL, 'N', 0),
(1296, 39, 16, '1990-09-09', NULL, 'Y', 0),
(1297, 39, 17, '1991-02-06', NULL, 'Y', 0),
(1298, 39, 20, '1990-11-08', NULL, 'N', 0),
(1299, 39, 21, '1990-12-08', NULL, 'N', 0),
(1300, 39, 18, '1991-12-08', NULL, 'N', 0),
(1301, 39, 23, '1991-04-17', NULL, 'N', 0),
(1302, 39, 24, '1992-04-16', NULL, 'N', 0),
(1303, 39, 25, '1993-04-16', NULL, 'N', 0),
(1304, 39, 26, '1994-04-16', NULL, 'N', 0),
(1305, 39, 27, '1995-04-16', NULL, 'N', 0),
(1306, 39, 29, '1990-11-08', NULL, 'N', 0),
(1307, 39, 30, '1990-12-08', NULL, 'N', 0),
(1308, 39, 31, '1991-12-08', NULL, 'N', 0),
(1309, 39, 32, '1994-06-07', NULL, 'N', 0),
(1310, 39, 35, '1995-08-09', NULL, 'N', 0),
(1311, 39, 36, '1998-08-08', NULL, 'N', 0),
(1312, 39, 40, '1990-11-08', NULL, 'N', 0),
(1313, 39, 41, '1990-12-08', NULL, 'N', 0),
(1314, 39, 42, '1991-12-08', NULL, 'N', 0),
(1315, 39, 44, '1990-11-08', NULL, 'N', 0),
(1316, 39, 52, '2010-09-04', NULL, 'N', 0),
(1317, 39, 47, '1995-08-16', NULL, 'N', 0),
(1318, 39, 48, '1998-08-15', NULL, 'N', 0),
(1319, 39, 49, '2001-08-14', NULL, 'N', 0),
(1320, 39, 50, '2004-08-13', NULL, 'N', 0),
(1321, 39, 51, '2007-08-13', NULL, 'N', 0),
(1322, 40, 1, '1988-12-08', NULL, 'N', 0),
(1323, 40, 34, '1990-11-08', NULL, 'N', 0),
(1324, 40, 45, '1998-12-06', '2000-01-29', 'Y', 49),
(1325, 40, 19, '1989-01-07', NULL, 'N', 0),
(1326, 40, 33, '1989-07-16', NULL, 'N', 0),
(1327, 40, 22, '1989-06-16', NULL, 'N', 0),
(1328, 40, 43, '1989-01-07', NULL, 'N', 0),
(1329, 40, 46, '1990-11-15', NULL, 'N', 0),
(1330, 40, 39, '1989-01-07', NULL, 'N', 0),
(1331, 40, 38, '1993-05-28', NULL, 'N', 0),
(1332, 40, 37, '1989-12-18', '1999-12-27', 'Y', 0),
(1333, 40, 28, '1989-01-07', NULL, 'N', 0),
(1334, 40, 15, '1988-11-08', NULL, 'N', 0),
(1335, 40, 6, '1990-02-06', NULL, 'N', 0),
(1336, 40, 13, '1989-11-15', NULL, 'N', 0),
(1337, 40, 7, '1992-11-07', NULL, 'N', 0),
(1338, 40, 8, '1989-01-07', NULL, 'N', 0),
(1339, 40, 9, '1989-02-06', NULL, 'N', 0),
(1340, 40, 10, '1989-03-08', NULL, 'N', 0),
(1341, 40, 11, '1990-03-08', NULL, 'N', 0),
(1342, 40, 12, '1993-02-20', NULL, 'N', 0),
(1343, 40, 14, '1990-06-23', NULL, 'N', 0),
(1344, 40, 16, '1988-12-08', NULL, 'N', 0),
(1345, 40, 17, '1989-05-07', NULL, 'N', 0),
(1346, 40, 20, '1989-02-06', NULL, 'N', 0),
(1347, 40, 21, '1989-03-08', NULL, 'N', 0),
(1348, 40, 18, '1990-03-08', NULL, 'N', 0),
(1349, 40, 23, '1989-07-16', NULL, 'N', 0),
(1350, 40, 24, '1990-07-16', NULL, 'N', 0),
(1351, 40, 25, '1991-07-16', NULL, 'N', 0),
(1352, 40, 26, '1992-07-15', NULL, 'N', 0),
(1353, 40, 27, '1993-07-15', NULL, 'N', 0),
(1354, 40, 29, '1989-02-06', NULL, 'N', 0),
(1355, 40, 30, '1989-03-08', NULL, 'N', 0),
(1356, 40, 31, '1990-03-08', NULL, 'N', 0),
(1357, 40, 32, '1992-09-05', NULL, 'N', 0),
(1358, 40, 35, '1993-11-07', NULL, 'N', 0),
(1359, 40, 36, '1996-11-06', NULL, 'N', 0),
(1360, 40, 40, '1989-02-06', NULL, 'N', 0),
(1361, 40, 41, '1989-03-08', NULL, 'N', 0),
(1362, 40, 42, '1990-03-08', NULL, 'N', 0),
(1363, 40, 44, '1989-02-06', NULL, 'N', 0),
(1364, 40, 52, '2008-12-03', NULL, 'N', 0),
(1365, 40, 47, '1993-11-14', NULL, 'N', 0),
(1366, 40, 48, '1996-11-13', NULL, 'N', 0),
(1367, 40, 49, '1999-11-13', NULL, 'N', 0),
(1368, 40, 50, '2002-11-12', NULL, 'N', 0),
(1369, 40, 51, '2005-11-11', NULL, 'N', 0),
(1370, 41, 1, '1989-05-31', NULL, 'N', 0),
(1371, 41, 34, '1991-05-01', NULL, 'N', 0),
(1372, 41, 45, '1999-05-29', '1999-06-15', 'Y', 30),
(1373, 41, 19, '1989-06-30', NULL, 'N', 0),
(1374, 41, 33, '1990-01-06', '1990-02-06', 'Y', 0),
(1375, 41, 22, '1989-12-07', NULL, 'N', 0),
(1376, 41, 43, '1989-06-30', NULL, 'N', 0),
(1377, 41, 46, '1991-05-08', NULL, 'N', 0),
(1378, 41, 39, '1989-06-30', NULL, 'N', 0),
(1379, 41, 38, '1993-11-18', '2005-07-15', 'Y', 0),
(1380, 41, 37, '1990-06-10', '1990-08-08', 'Y', 0),
(1381, 41, 28, '1989-06-30', NULL, 'N', 0),
(1382, 41, 15, '1989-05-01', '2004-02-02', 'Y', 50),
(1383, 41, 6, '1990-07-30', NULL, 'N', 0),
(1384, 41, 13, '1990-05-08', '2004-02-02', 'Y', 50),
(1385, 41, 7, '1993-04-30', NULL, 'N', 0),
(1386, 41, 8, '1989-06-30', '1989-06-30', 'Y', 0),
(1387, 41, 9, '1989-07-30', '1989-08-28', 'Y', 0),
(1388, 41, 10, '1989-08-29', '1989-10-31', 'Y', 0),
(1389, 41, 11, '1990-08-29', '1990-11-02', 'Y', 0),
(1390, 41, 12, '1993-08-13', '1994-05-10', 'Y', 0),
(1391, 41, 14, '1990-12-14', '2004-03-12', 'Y', 50),
(1392, 41, 16, '1989-05-31', '2004-03-12', 'Y', 50),
(1393, 41, 17, '1989-10-28', '2004-08-07', 'Y', 50),
(1394, 41, 20, '1989-07-30', NULL, 'N', 0),
(1395, 41, 21, '1989-08-29', NULL, 'N', 0),
(1396, 41, 18, '1990-08-29', NULL, 'N', 0),
(1397, 41, 23, '1990-01-06', NULL, 'N', 0),
(1398, 41, 24, '1991-01-06', NULL, 'N', 0),
(1399, 41, 25, '1992-01-06', NULL, 'N', 0),
(1400, 41, 26, '1993-01-05', NULL, 'N', 0),
(1401, 41, 27, '1994-01-05', NULL, 'N', 0),
(1402, 41, 29, '1989-07-30', NULL, 'N', 0),
(1403, 41, 30, '1989-08-29', NULL, 'N', 0),
(1404, 41, 31, '1990-08-29', NULL, 'N', 0),
(1405, 41, 32, '1993-02-26', NULL, 'N', 0),
(1406, 41, 35, '1994-04-30', NULL, 'N', 0),
(1407, 41, 36, '1997-04-29', NULL, 'N', 0),
(1408, 41, 40, '1989-07-30', NULL, 'N', 0),
(1409, 41, 41, '1989-08-29', NULL, 'N', 0),
(1410, 41, 42, '1990-08-29', NULL, 'N', 0),
(1411, 41, 44, '1989-07-30', NULL, 'N', 0),
(1412, 41, 52, '2009-05-26', NULL, 'N', 0),
(1413, 41, 47, '1994-05-07', NULL, 'N', 0),
(1414, 41, 48, '1997-05-06', NULL, 'N', 0),
(1415, 41, 49, '2000-05-05', NULL, 'N', 0),
(1416, 41, 50, '2003-05-05', NULL, 'N', 0),
(1417, 41, 51, '2006-05-04', NULL, 'N', 0),
(1418, 42, 1, '1988-12-20', NULL, 'Y', 0),
(1419, 42, 34, '1990-11-20', NULL, 'N', 0),
(1420, 42, 45, '1998-12-18', NULL, 'Y', 0),
(1421, 42, 19, '1989-01-19', NULL, 'N', 0),
(1422, 42, 33, '1989-07-28', NULL, 'Y', 0),
(1423, 42, 22, '1989-06-28', NULL, 'N', 0),
(1424, 42, 43, '1989-01-19', NULL, 'N', 0),
(1425, 42, 46, '1990-11-27', NULL, 'N', 0),
(1426, 42, 39, '1989-01-19', NULL, 'N', 0),
(1427, 42, 38, '1993-06-09', NULL, 'N', 0),
(1428, 42, 37, '1989-12-30', NULL, 'Y', 0),
(1429, 42, 28, '1989-01-19', NULL, 'N', 0),
(1430, 42, 15, '1988-11-20', NULL, 'Y', 0),
(1431, 42, 6, '1990-02-18', NULL, 'N', 0),
(1432, 42, 13, '1989-11-27', '2006-07-03', 'Y', 51),
(1433, 42, 7, '1992-11-19', NULL, 'N', 0),
(1434, 42, 8, '1989-01-19', NULL, 'Y', 0),
(1435, 42, 9, '1989-02-18', NULL, 'Y', 0),
(1436, 42, 10, '1989-03-20', NULL, 'Y', 0),
(1437, 42, 11, '1990-03-20', NULL, 'Y', 0),
(1438, 42, 12, '1993-03-04', NULL, 'Y', 0),
(1439, 42, 14, '1990-07-05', '2007-02-02', 'Y', 51),
(1440, 42, 16, '1988-12-20', NULL, 'Y', 0),
(1441, 42, 17, '1989-05-19', NULL, 'Y', 0),
(1442, 42, 20, '1989-02-18', NULL, 'N', 0),
(1443, 42, 21, '1989-03-20', NULL, 'N', 0),
(1444, 42, 18, '1990-03-20', NULL, 'N', 0),
(1445, 42, 23, '1989-07-28', NULL, 'N', 0),
(1446, 42, 24, '1990-07-28', NULL, 'N', 0),
(1447, 42, 25, '1991-07-28', NULL, 'N', 0),
(1448, 42, 26, '1992-07-27', NULL, 'N', 0),
(1449, 42, 27, '1993-07-27', NULL, 'N', 0),
(1450, 42, 29, '1989-02-18', NULL, 'N', 0),
(1451, 42, 30, '1989-03-20', NULL, 'N', 0),
(1452, 42, 31, '1990-03-20', NULL, 'N', 0),
(1453, 42, 32, '1992-09-17', NULL, 'N', 0),
(1454, 42, 35, '1993-11-19', NULL, 'N', 0),
(1455, 42, 36, '1996-11-18', NULL, 'N', 0),
(1456, 42, 40, '1989-02-18', NULL, 'N', 0),
(1457, 42, 41, '1989-03-20', NULL, 'N', 0),
(1458, 42, 42, '1990-03-20', NULL, 'N', 0),
(1459, 42, 44, '1989-02-18', NULL, 'N', 0),
(1460, 42, 52, '2008-12-15', '2008-05-23', 'Y', 31),
(1461, 42, 47, '1993-11-26', NULL, 'N', 0),
(1462, 42, 48, '1996-11-25', NULL, 'N', 0),
(1463, 42, 49, '1999-11-25', NULL, 'N', 0),
(1464, 42, 50, '2002-11-24', '2004-01-09', 'Y', 0),
(1465, 42, 51, '2005-11-23', '2007-04-10', 'Y', 0),
(1466, 43, 1, '1991-05-31', NULL, 'Y', 0),
(1467, 43, 34, '1993-04-30', NULL, 'N', 0),
(1468, 43, 45, '2001-05-28', '2008-05-23', 'Y', 31),
(1469, 43, 19, '1991-06-30', NULL, 'N', 0),
(1470, 43, 33, '1992-01-06', NULL, 'Y', 0),
(1471, 43, 22, '1991-12-07', NULL, 'N', 0),
(1472, 43, 43, '1991-06-30', NULL, 'N', 0),
(1473, 43, 46, '1993-05-07', NULL, 'N', 0),
(1474, 43, 39, '1991-06-30', NULL, 'N', 0),
(1475, 43, 38, '1995-11-18', NULL, 'N', 0),
(1476, 43, 37, '1992-06-09', NULL, 'Y', 0),
(1477, 43, 28, '1991-06-30', NULL, 'N', 0),
(1478, 43, 15, '1991-05-01', NULL, 'Y', 0),
(1479, 43, 6, '1992-07-29', NULL, 'N', 0),
(1480, 43, 13, '1992-05-07', '2006-07-03', 'Y', 51),
(1481, 43, 7, '1995-04-30', NULL, 'N', 0),
(1482, 43, 8, '1991-06-30', NULL, 'Y', 0),
(1483, 43, 9, '1991-07-30', NULL, 'Y', 0),
(1484, 43, 10, '1991-08-29', NULL, 'Y', 0),
(1485, 43, 11, '1992-08-28', NULL, 'Y', 0),
(1486, 43, 12, '1995-08-13', NULL, 'Y', 0),
(1487, 43, 14, '1992-12-13', '2007-02-03', 'Y', 51),
(1488, 43, 16, '1991-05-31', NULL, 'Y', 0),
(1489, 43, 17, '1991-10-28', NULL, 'Y', 0),
(1490, 43, 20, '1991-07-30', NULL, 'N', 0),
(1491, 43, 21, '1991-08-29', NULL, 'N', 0),
(1492, 43, 18, '1992-08-28', NULL, 'N', 0),
(1493, 43, 23, '1992-01-06', NULL, 'N', 0),
(1494, 43, 24, '1993-01-05', NULL, 'N', 0),
(1495, 43, 25, '1994-01-05', NULL, 'N', 0),
(1496, 43, 26, '1995-01-05', NULL, 'N', 0),
(1497, 43, 27, '1996-01-05', NULL, 'N', 0),
(1498, 43, 29, '1991-07-30', NULL, 'N', 0),
(1499, 43, 30, '1991-08-29', NULL, 'N', 0);
INSERT INTO `vac_schedule` (`id`, `p_id`, `v_id`, `date`, `date_given`, `given`, `make`) VALUES
(1500, 43, 31, '1992-08-28', NULL, 'N', 0),
(1501, 43, 32, '1995-02-26', NULL, 'N', 0),
(1502, 43, 35, '1996-04-29', NULL, 'N', 0),
(1503, 43, 36, '1999-04-29', NULL, 'N', 0),
(1504, 43, 40, '1991-07-30', NULL, 'N', 0),
(1505, 43, 41, '1991-08-29', NULL, 'N', 0),
(1506, 43, 42, '1992-08-28', NULL, 'N', 0),
(1507, 43, 44, '1991-07-30', NULL, 'N', 0),
(1508, 43, 52, '2011-05-26', NULL, 'N', 0),
(1509, 43, 47, '1996-05-06', NULL, 'N', 0),
(1510, 43, 48, '1999-05-06', '2004-01-09', 'Y', 0),
(1511, 43, 49, '2002-05-05', '2007-04-10', 'Y', 0),
(1512, 43, 50, '2005-05-04', NULL, 'N', 0),
(1513, 43, 51, '2008-05-03', NULL, 'N', 0),
(1514, 44, 1, '1990-03-19', NULL, 'Y', 0),
(1515, 44, 34, '1992-02-17', NULL, 'N', 0),
(1516, 44, 45, '2000-03-16', '2008-10-29', 'Y', 31),
(1517, 44, 19, '1990-04-18', NULL, 'N', 0),
(1518, 44, 33, '1990-10-25', NULL, 'Y', 0),
(1519, 44, 22, '1990-09-25', NULL, 'N', 0),
(1520, 44, 43, '1990-04-18', NULL, 'N', 0),
(1521, 44, 46, '1992-02-24', NULL, 'N', 0),
(1522, 44, 39, '1990-04-18', NULL, 'N', 0),
(1523, 44, 38, '1994-09-06', '2008-10-29', 'Y', 25),
(1524, 44, 37, '1991-03-29', NULL, 'Y', 0),
(1525, 44, 28, '1990-04-18', NULL, 'N', 0),
(1526, 44, 15, '1990-02-17', '2008-08-09', 'Y', 50),
(1527, 44, 6, '1991-05-18', NULL, 'N', 0),
(1528, 44, 13, '1991-02-24', '2008-08-09', 'Y', 0),
(1529, 44, 3, '1999-02-15', NULL, 'N', 0),
(1530, 44, 7, '1994-02-16', NULL, 'N', 0),
(1531, 44, 8, '1990-04-18', NULL, 'Y', 0),
(1532, 44, 4, '1999-03-17', NULL, 'N', 0),
(1533, 44, 5, '1999-08-14', NULL, 'N', 0),
(1534, 44, 9, '1990-05-18', NULL, 'Y', 0),
(1535, 44, 10, '1990-06-17', NULL, 'Y', 0),
(1536, 44, 11, '1991-06-17', NULL, 'Y', 0),
(1537, 44, 12, '1994-06-01', NULL, 'Y', 0),
(1538, 44, 14, '1991-10-02', '2008-09-19', 'Y', 0),
(1539, 44, 16, '1990-03-19', '2008-09-19', 'Y', 50),
(1540, 44, 17, '1990-08-16', '2009-02-21', 'Y', 50),
(1541, 44, 20, '1990-05-18', NULL, 'N', 0),
(1542, 44, 21, '1990-06-17', NULL, 'N', 0),
(1543, 44, 18, '1991-06-17', NULL, 'N', 0),
(1544, 44, 23, '1990-10-25', NULL, 'N', 0),
(1545, 44, 24, '1991-10-25', NULL, 'N', 0),
(1546, 44, 25, '1992-10-24', NULL, 'N', 0),
(1547, 44, 26, '1993-10-24', NULL, 'N', 0),
(1548, 44, 27, '1994-10-24', NULL, 'N', 0),
(1549, 44, 29, '1990-05-18', NULL, 'N', 0),
(1550, 44, 30, '1990-06-17', NULL, 'N', 0),
(1551, 44, 31, '1991-06-17', NULL, 'N', 0),
(1552, 44, 32, '1993-12-15', NULL, 'N', 0),
(1553, 44, 35, '1995-02-16', NULL, 'N', 0),
(1554, 44, 36, '1998-02-15', NULL, 'N', 0),
(1555, 44, 40, '1990-05-18', NULL, 'N', 0),
(1556, 44, 41, '1990-06-17', NULL, 'N', 0),
(1557, 44, 42, '1991-06-17', NULL, 'N', 0),
(1558, 44, 44, '1990-05-18', NULL, 'N', 0),
(1559, 44, 52, '2010-03-14', NULL, 'N', 0),
(1560, 44, 47, '1995-02-23', '2008-07-26', 'Y', 0),
(1561, 44, 48, '1998-02-22', NULL, 'N', 0),
(1562, 44, 49, '2001-02-21', NULL, 'N', 0),
(1563, 44, 50, '2004-02-21', NULL, 'N', 0),
(1564, 44, 51, '2007-02-20', NULL, 'N', 0),
(1565, 45, 1, '1991-12-06', NULL, 'Y', 0),
(1566, 45, 34, '1993-11-05', NULL, 'N', 0),
(1567, 45, 45, '2001-12-03', '2001-09-08', 'Y', 30),
(1568, 45, 19, '1992-01-05', NULL, 'N', 0),
(1569, 45, 33, '1992-07-13', NULL, 'Y', 0),
(1570, 45, 22, '1992-06-13', NULL, 'N', 0),
(1571, 45, 43, '1992-01-05', NULL, 'N', 0),
(1572, 45, 46, '1993-11-12', NULL, 'N', 0),
(1573, 45, 39, '1992-01-05', NULL, 'N', 0),
(1574, 45, 38, '1996-05-25', '2010-07-15', 'Y', 25),
(1575, 45, 37, '1992-12-15', NULL, 'Y', 0),
(1576, 45, 28, '1992-01-05', NULL, 'N', 0),
(1577, 45, 15, '1991-11-06', NULL, 'Y', 0),
(1578, 45, 6, '1993-02-03', NULL, 'Y', 0),
(1579, 45, 13, '1992-11-12', '2005-12-17', 'Y', 35),
(1580, 45, 7, '1995-11-05', '2012-06-30', 'Y', 38),
(1581, 45, 8, '1992-01-05', NULL, 'Y', 0),
(1582, 45, 9, '1992-02-04', NULL, 'Y', 0),
(1583, 45, 10, '1992-03-05', NULL, 'Y', 0),
(1584, 45, 11, '1993-03-05', NULL, 'Y', 0),
(1585, 45, 12, '1996-02-18', NULL, 'Y', 0),
(1586, 45, 14, '1993-06-20', '2006-07-08', 'Y', 35),
(1587, 45, 16, '1991-12-06', NULL, 'Y', 0),
(1588, 45, 17, '1992-05-04', NULL, 'Y', 0),
(1589, 45, 20, '1992-02-04', NULL, 'N', 0),
(1590, 45, 21, '1992-03-05', NULL, 'N', 0),
(1591, 45, 18, '1993-03-05', NULL, 'N', 0),
(1592, 45, 23, '1992-07-13', NULL, 'N', 0),
(1593, 45, 24, '1993-07-13', NULL, 'N', 0),
(1594, 45, 25, '1994-07-13', NULL, 'N', 0),
(1595, 45, 26, '1995-07-13', NULL, 'N', 0),
(1596, 45, 27, '1996-07-12', NULL, 'N', 0),
(1597, 45, 29, '1992-02-04', NULL, 'N', 0),
(1598, 45, 30, '1992-03-05', NULL, 'N', 0),
(1599, 45, 31, '1993-03-05', NULL, 'N', 0),
(1600, 45, 32, '1995-09-03', NULL, 'N', 0),
(1601, 45, 35, '1996-11-04', NULL, 'N', 0),
(1602, 45, 36, '1999-11-04', NULL, 'N', 0),
(1603, 45, 40, '1992-02-04', NULL, 'N', 0),
(1604, 45, 41, '1992-03-05', NULL, 'N', 0),
(1605, 45, 42, '1993-03-05', NULL, 'N', 0),
(1606, 45, 44, '1992-02-04', NULL, 'N', 0),
(1607, 45, 52, '2011-12-01', '2008-06-30', 'Y', 31),
(1608, 45, 47, '1996-11-11', '2004-10-30', 'Y', 0),
(1609, 45, 48, '1999-11-11', '2007-05-19', 'Y', 0),
(1610, 45, 49, '2002-11-10', '2009-09-05', 'Y', 0),
(1611, 45, 50, '2005-11-09', NULL, 'N', 0),
(1612, 45, 51, '2008-11-08', NULL, 'N', 0),
(1613, 24, 1, '1988-12-26', NULL, 'N', 0),
(1614, 24, 34, '1990-11-26', NULL, 'N', 0),
(1615, 24, 45, '1998-12-24', NULL, 'N', 0),
(1616, 24, 19, '1989-01-25', NULL, 'N', 0),
(1617, 24, 33, '1989-08-03', NULL, 'N', 0),
(1618, 24, 22, '1989-07-04', NULL, 'N', 0),
(1619, 24, 43, '1989-01-25', NULL, 'N', 0),
(1620, 24, 46, '1990-12-03', NULL, 'N', 0),
(1621, 24, 39, '1989-01-25', NULL, 'N', 0),
(1622, 24, 38, '1993-06-15', NULL, 'N', 0),
(1623, 24, 37, '1990-01-05', NULL, 'N', 0),
(1624, 24, 28, '1989-01-25', NULL, 'N', 0),
(1625, 24, 15, '1988-11-26', NULL, 'N', 0),
(1626, 24, 6, '1990-02-24', NULL, 'N', 0),
(1627, 24, 13, '1989-12-03', NULL, 'N', 0),
(1628, 24, 3, '1997-11-24', NULL, 'N', 0),
(1629, 24, 7, '1992-11-25', NULL, 'N', 0),
(1630, 24, 8, '1989-01-25', NULL, 'N', 0),
(1631, 24, 4, '1997-12-24', NULL, 'N', 0),
(1632, 24, 5, '1998-05-23', NULL, 'N', 0),
(1633, 24, 9, '1989-02-24', NULL, 'N', 0),
(1634, 24, 10, '1989-03-26', NULL, 'N', 0),
(1635, 24, 11, '1990-03-26', NULL, 'N', 0),
(1636, 24, 12, '1993-03-10', NULL, 'N', 0),
(1637, 24, 14, '1990-07-11', NULL, 'N', 0),
(1638, 24, 16, '1988-12-26', NULL, 'N', 0),
(1639, 24, 17, '1989-05-25', NULL, 'N', 0),
(1640, 24, 20, '1989-02-24', NULL, 'N', 0),
(1641, 24, 21, '1989-03-26', NULL, 'N', 0),
(1642, 24, 18, '1990-03-26', NULL, 'N', 0),
(1643, 24, 23, '1989-08-03', NULL, 'N', 0),
(1644, 24, 24, '1990-08-03', NULL, 'N', 0),
(1645, 24, 25, '1991-08-03', NULL, 'N', 0),
(1646, 24, 26, '1992-08-02', NULL, 'N', 0),
(1647, 24, 27, '1993-08-02', NULL, 'N', 0),
(1648, 24, 29, '1989-02-24', NULL, 'N', 0),
(1649, 24, 30, '1989-03-26', NULL, 'N', 0),
(1650, 24, 31, '1990-03-26', NULL, 'N', 0),
(1651, 24, 32, '1992-09-23', NULL, 'N', 0),
(1652, 24, 35, '1993-11-25', NULL, 'N', 0),
(1653, 24, 36, '1996-11-24', NULL, 'N', 0),
(1654, 24, 40, '1989-02-24', NULL, 'N', 0),
(1655, 24, 41, '1989-03-26', NULL, 'N', 0),
(1656, 24, 42, '1990-03-26', NULL, 'N', 0),
(1657, 24, 44, '1989-02-24', NULL, 'N', 0),
(1658, 24, 52, '2008-12-21', NULL, 'N', 0),
(1659, 24, 47, '1993-12-02', NULL, 'N', 0),
(1660, 24, 48, '1996-12-01', NULL, 'N', 0),
(1661, 24, 49, '1999-12-01', NULL, 'N', 0),
(1662, 24, 50, '2002-11-30', NULL, 'N', 0),
(1663, 24, 51, '2005-11-29', NULL, 'N', 0),
(1664, 46, 1, '1992-03-18', NULL, 'N', 0),
(1665, 46, 34, '1994-02-16', NULL, 'N', 0),
(1666, 46, 45, '2002-03-16', '2009-06-15', 'Y', 0),
(1667, 46, 19, '1992-04-17', NULL, 'N', 0),
(1668, 46, 33, '1992-10-24', NULL, 'N', 0),
(1669, 46, 22, '1992-09-24', NULL, 'N', 0),
(1670, 46, 43, '1992-04-17', NULL, 'N', 0),
(1671, 46, 46, '1994-02-23', NULL, 'N', 0),
(1672, 46, 39, '1992-04-17', NULL, 'N', 0),
(1673, 46, 38, '1996-09-05', '2009-06-15', 'Y', 24),
(1674, 46, 37, '1993-03-28', NULL, 'N', 0),
(1675, 46, 28, '1992-04-17', NULL, 'N', 0),
(1676, 46, 15, '1992-02-17', NULL, 'N', 0),
(1677, 46, 6, '1993-05-17', NULL, 'N', 0),
(1678, 46, 13, '1993-02-23', '2009-07-17', 'Y', 36),
(1679, 46, 7, '1996-02-16', NULL, 'N', 0),
(1680, 46, 8, '1992-04-17', NULL, 'N', 0),
(1681, 46, 9, '1992-05-17', NULL, 'N', 0),
(1682, 46, 10, '1992-06-16', NULL, 'N', 0),
(1683, 46, 11, '1993-06-16', NULL, 'N', 0),
(1684, 46, 12, '1996-05-31', NULL, 'N', 0),
(1685, 46, 14, '1993-10-01', '2010-01-19', 'Y', 36),
(1686, 46, 16, '1992-03-18', NULL, 'N', 0),
(1687, 46, 17, '1992-08-15', NULL, 'N', 0),
(1688, 46, 20, '1992-05-17', NULL, 'N', 0),
(1689, 46, 21, '1992-06-16', NULL, 'N', 0),
(1690, 46, 18, '1993-06-16', NULL, 'N', 0),
(1691, 46, 23, '1992-10-24', NULL, 'N', 0),
(1692, 46, 24, '1993-10-24', NULL, 'N', 0),
(1693, 46, 25, '1994-10-24', NULL, 'N', 0),
(1694, 46, 26, '1995-10-24', NULL, 'N', 0),
(1695, 46, 27, '1996-10-23', NULL, 'N', 0),
(1696, 46, 29, '1992-05-17', NULL, 'N', 0),
(1697, 46, 30, '1992-06-16', NULL, 'N', 0),
(1698, 46, 31, '1993-06-16', NULL, 'N', 0),
(1699, 46, 32, '1995-12-15', NULL, 'N', 0),
(1700, 46, 35, '1997-02-15', NULL, 'N', 0),
(1701, 46, 36, '2000-02-15', NULL, 'N', 0),
(1702, 46, 40, '1992-05-17', NULL, 'N', 0),
(1703, 46, 41, '1992-06-16', NULL, 'N', 0),
(1704, 46, 42, '1993-06-16', NULL, 'N', 0),
(1705, 46, 44, '1992-05-17', NULL, 'N', 0),
(1706, 46, 52, '2012-03-13', NULL, 'N', 0),
(1707, 46, 47, '1997-02-22', NULL, 'N', 0),
(1708, 46, 48, '2000-02-22', NULL, 'N', 31),
(1709, 46, 49, '2003-02-21', NULL, 'N', 0),
(1710, 46, 50, '2006-02-20', NULL, 'N', 0),
(1711, 46, 51, '2009-02-19', NULL, 'N', 0);

/*!40101 SET CHARACTER_SET_CLIENT=@OLD_CHARACTER_SET_CLIENT */;
/*!40101 SET CHARACTER_SET_RESULTS=@OLD_CHARACTER_SET_RESULTS */;
/*!40101 SET COLLATION_CONNECTION=@OLD_COLLATION_CONNECTION */;
